{"type":"FeatureCollection","features":[{"type":"Feature","properties":{"p":"CD5306"},"geometry":{"type":"Polygon","coordinates":[[[30.248,3.903],[30.194,3.873],[30.199,3.83],[30.224,3.815],[30.265,3.826],[30.283,3.859],[30.274,3.891],[30.248,3.903]]]}},{"type":"Feature","properties":{"p":"CD5204"},"geometry":{"type":"Polygon","coordinates":[[[24.65,3.419],[24.496,3.53],[24.361,3.554],[24.232,3.701],[24.163,3.719],[24.112,3.703],[23.992,3.73],[23.951,3.723],[23.945,3.662],[23.899,3.617],[23.878,3.623],[23.857,3.59],[23.827,3.62],[23.769,3.567],[23.726,3.588],[23.704,3.557],[23.64,3.577],[23.597,3.509],[23.52,3.535],[23.368,3.533],[23.343,3.59],[23.319,3.601],[23.323,3.629],[23.269,3.673],[23.29,3.71],[23.24,3.733],[23.246,3.771],[23.123,3.696],[23.091,3.639],[23.057,3.633],[23.024,3.591],[22.842,3.554],[22.674,3.438],[22.613,3.36],[22.651,3.284],[22.574,3.169],[22.726,3.119],[22.76,3.124],[22.782,3.106],[22.788,3.04],[22.828,3.019],[22.858,3.02],[22.906,3.077],[22.955,3.08],[22.991,3.053],[23.02,3.071],[23.06,3.033],[22.954,2.853],[22.949,2.775],[22.916,2.81],[22.885,2.795],[22.879,2.757],[22.9,2.723],[23.047,2.574],[23.257,2.51],[23.298,2.477],[23.274,2.47],[23.294,2.45],[23.315,2.456],[23.316,2.492],[23.343,2.493],[23.359,2.565],[23.427,2.503],[23.452,2.511],[23.567,2.416],[23.612,2.254],[23.594,2.191],[23.665,2.189],[23.774,2.125],[23.876,2.124],[23.904,2.084],[23.96,2.077],[23.975,2.112],[24.086,2.154],[24.061,2.176],[24.06,2.211],[24.172,2.22],[24.225,2.264],[24.273,2.26],[24.32,2.281],[24.365,2.24],[24.458,2.283],[24.864,2.266],[24.856,2.3],[24.836,2.288],[24.82,2.343],[24.757,2.371],[24.687,2.493],[24.665,2.515],[24.626,2.514],[24.601,2.568],[24.564,2.578],[24.542,2.641],[24.465,2.651],[24.447,2.672],[24.401,2.654],[24.289,2.69],[24.263,2.68],[24.187,2.713],[24.167,2.743],[24.167,2.765],[24.195,2.764],[24.185,2.84],[24.212,2.864],[24.222,2.84],[24.259,2.856],[24.277,2.832],[24.297,2.863],[24.322,2.855],[24.329,2.818],[24.416,2.842],[24.442,2.819],[24.422,2.787],[24.443,2.771],[24.465,2.796],[24.499,2.8],[24.523,2.855],[24.482,2.928],[24.497,3.073],[24.605,3.131],[24.666,3.134],[24.692,3.191],[24.705,3.154],[24.719,3.157],[24.697,3.256],[24.699,3.351],[24.65,3.419]]]}},{"type":"Feature","properties":{"p":"CD5207"},"geometry":{"type":"Polygon","coordinates":[[[26.97,5.152],[26.935,5.134],[26.872,5.034],[26.832,5.059],[26.808,5.049],[26.772,5.102],[26.75,5.104],[26.681,5.096],[26.67,5.077],[26.641,5.089],[26.629,5.063],[26.619,5.088],[26.575,5.081],[26.54,5.047],[26.542,5.068],[26.527,5.044],[26.488,5.046],[26.414,5.133],[26.399,5.121],[26.391,5.147],[26.351,5.155],[26.303,5.141],[26.286,5.169],[26.255,5.172],[26.254,5.198],[26.243,5.183],[26.237,5.209],[26.221,5.194],[26.208,5.237],[26.191,5.218],[26.187,5.242],[26.16,5.232],[26.161,5.259],[26.136,5.264],[26.117,5.23],[26.093,5.238],[26.1,5.208],[26.077,5.213],[26.068,5.194],[26.054,5.213],[26.011,5.208],[25.985,5.24],[25.964,5.192],[25.862,5.22],[25.836,5.187],[25.809,5.215],[25.82,5.246],[25.79,5.238],[25.792,5.273],[25.749,5.237],[25.709,5.297],[25.661,5.306],[25.659,5.328],[25.631,5.304],[25.602,5.323],[25.623,5.347],[25.597,5.346],[25.581,5.375],[25.541,5.386],[25.548,5.355],[25.511,5.344],[25.487,5.366],[25.429,5.321],[25.404,5.343],[25.368,5.316],[25.384,5.3],[25.357,5.286],[25.322,5.195],[25.332,5.156],[25.355,5.149],[25.318,5.036],[25.184,5.003],[25.154,5.028],[25.11,4.988],[25.088,4.938],[24.983,4.993],[24.934,4.961],[24.891,4.962],[24.878,4.938],[24.823,4.939],[24.792,4.907],[24.777,4.923],[24.735,4.906],[24.721,4.924],[24.693,4.921],[24.706,4.869],[24.856,4.679],[24.859,4.606],[25.155,4.435],[25.288,4.49],[25.32,4.485],[25.306,4.31],[25.366,4.226],[25.406,4.208],[25.412,4.115],[25.442,4.075],[25.442,4.016],[25.395,4.007],[25.39,3.975],[25.484,3.916],[25.51,3.871],[25.545,3.864],[25.534,3.822],[25.458,3.747],[25.465,3.729],[25.444,3.739],[25.426,3.695],[25.41,3.708],[25.384,3.655],[25.334,3.635],[25.291,3.652],[25.281,3.633],[25.305,3.622],[25.312,3.582],[25.304,3.566],[25.28,3.595],[25.256,3.55],[25.286,3.541],[25.307,3.505],[25.413,3.542],[25.503,3.506],[25.53,3.547],[25.573,3.546],[25.604,3.584],[25.703,3.606],[25.789,3.528],[25.813,3.531],[25.842,3.551],[25.856,3.693],[25.908,3.719],[25.942,3.705],[26.02,3.741],[26.067,3.721],[26.122,3.66],[26.142,3.654],[26.163,3.676],[26.211,3.661],[26.264,3.721],[26.292,3.722],[26.345,3.772],[26.404,3.773],[26.446,3.86],[26.635,4.024],[26.728,4.0],[26.774,3.842],[26.806,3.835],[26.812,3.801],[26.86,3.754],[26.933,3.747],[26.951,3.786],[27.019,3.778],[27.097,3.823],[27.116,3.797],[27.149,3.858],[27.202,3.822],[27.246,3.837],[27.277,3.879],[27.227,3.968],[27.221,4.047],[27.191,4.079],[27.241,4.225],[27.267,4.418],[27.295,4.459],[27.273,4.471],[27.188,4.445],[27.04,4.507],[26.96,4.51],[26.981,4.562],[26.977,4.636],[27.028,4.693],[26.977,4.785],[27.035,4.797],[27.047,4.838],[26.999,4.864],[26.982,4.938],[26.95,4.976],[26.966,4.995],[26.929,5.011],[26.936,5.082],[26.987,5.095],[26.97,5.152]]]}},{"type":"Feature","properties":{"p":"CD5410"},"geometry":{"type":"Polygon","coordinates":[[[30.717,3.144],[30.695,3.133],[30.711,3.124],[30.717,3.144]]]}},{"type":"Feature","properties":{"p":"CD5409"},"geometry":{"type":"Polygon","coordinates":[[[30.8,2.685],[30.87,2.801],[30.89,2.871],[30.846,2.962],[30.763,3.048],[30.833,3.264],[30.871,3.28],[30.936,3.402],[30.929,3.496],[30.854,3.486],[30.862,3.563],[30.799,3.59],[30.771,3.675],[30.735,3.624],[30.667,3.636],[30.592,3.594],[30.541,3.595],[30.376,3.546],[30.374,3.502],[30.423,3.433],[30.401,3.392],[30.367,3.407],[30.368,3.357],[30.337,3.305],[30.359,3.23],[30.234,3.088],[30.14,3.025],[30.175,2.947],[30.206,2.923],[30.189,2.905],[30.13,2.906],[30.112,2.882],[30.211,2.877],[30.214,2.825],[30.149,2.802],[30.186,2.768],[30.213,2.605],[30.145,2.507],[30.173,2.462],[30.202,2.465],[30.254,2.431],[30.274,2.466],[30.306,2.459],[30.309,2.381],[30.387,2.397],[30.402,2.437],[30.392,2.473],[30.425,2.517],[30.443,2.599],[30.425,2.725],[30.382,2.79],[30.387,2.822],[30.365,2.86],[30.34,2.857],[30.331,2.887],[30.365,2.89],[30.398,2.83],[30.437,2.814],[30.481,2.727],[30.563,2.713],[30.608,2.774],[30.643,2.751],[30.599,2.706],[30.607,2.674],[30.633,2.678],[30.679,2.749],[30.727,2.714],[30.752,2.729],[30.8,2.685]],[[30.695,3.133],[30.717,3.144],[30.711,3.124],[30.695,3.133]],[[30.744,3.401],[30.771,3.421],[30.792,3.401],[30.767,3.377],[30.744,3.401]]]}},{"type":"Feature","properties":{"p":"CD5111"},"geometry":{"type":"Polygon","coordinates":[[[27.044,1.941],[26.984,1.955],[26.942,1.998],[26.929,2.092],[26.882,2.17],[26.809,2.127],[26.775,2.156],[26.769,2.192],[26.746,2.193],[26.642,2.103],[26.603,2.116],[26.6,2.068],[26.558,2.023],[26.565,2.0],[26.626,1.967],[26.591,1.902],[26.536,1.852],[26.538,1.795],[26.516,1.762],[26.522,1.703],[26.458,1.691],[26.451,1.627],[26.387,1.641],[26.013,1.44],[25.989,1.472],[25.898,1.51],[25.792,1.461],[25.772,1.302],[25.816,1.195],[25.823,1.113],[25.915,1.062],[25.954,1.061],[25.986,1.021],[25.682,1.042],[25.59,1.068],[25.532,1.036],[25.487,1.033],[25.441,1.061],[25.404,0.995],[25.359,0.963],[25.38,0.929],[25.357,0.882],[25.38,0.791],[25.351,0.76],[25.359,0.722],[25.401,0.701],[25.422,0.725],[25.432,0.71],[25.46,0.721],[25.48,0.69],[25.533,0.707],[25.542,0.663],[25.571,0.686],[25.572,0.724],[25.61,0.722],[25.651,0.754],[25.693,0.744],[25.693,0.792],[25.794,0.788],[25.821,0.841],[25.845,0.837],[25.869,0.871],[25.921,0.878],[25.981,0.921],[25.999,0.915],[26.055,0.802],[26.031,0.795],[26.039,0.766],[26.09,0.745],[26.045,0.725],[26.079,0.728],[26.087,0.7],[26.105,0.723],[26.147,0.717],[26.145,0.62],[26.12,0.546],[26.134,0.535],[26.128,0.464],[26.096,0.464],[26.081,0.443],[26.138,0.381],[26.204,0.364],[26.265,0.38],[26.247,0.284],[26.322,0.27],[26.398,0.197],[26.433,0.225],[26.456,0.168],[26.506,0.162],[26.527,0.104],[26.559,0.095],[26.574,0.038],[26.617,0.06],[26.623,0.105],[26.712,0.139],[26.718,0.175],[26.758,0.169],[26.754,-0.016],[26.73,-0.118],[26.701,-0.144],[26.691,-0.187],[26.632,-0.205],[26.603,-0.235],[26.63,-0.312],[26.617,-0.357],[26.709,-0.316],[26.791,-0.252],[26.841,-0.259],[26.828,-0.218],[26.846,-0.206],[26.889,-0.241],[26.906,-0.229],[26.956,-0.266],[27.01,-0.274],[27.07,-0.329],[27.073,-0.38],[27.118,-0.388],[27.136,-0.424],[27.193,-0.447],[27.3,-0.453],[27.345,-0.476],[27.359,-0.516],[27.42,-0.517],[27.488,-0.491],[27.519,-0.542],[27.56,-0.534],[27.66,-0.595],[27.904,-0.594],[27.978,-0.524],[27.978,-0.47],[27.942,-0.407],[27.951,-0.388],[28.009,-0.317],[28.073,-0.308],[28.154,-0.259],[28.091,-0.005],[28.102,0.103],[28.154,0.151],[28.12,0.187],[28.134,0.221],[28.066,0.27],[28.059,0.377],[28.034,0.403],[28.052,0.408],[28.048,0.428],[28.004,0.474],[27.921,0.492],[27.881,0.48],[27.797,0.53],[27.893,0.562],[27.955,0.622],[27.993,0.613],[28.018,0.636],[27.935,0.749],[27.954,0.846],[28.001,0.933],[27.974,0.94],[27.946,0.92],[27.886,0.931],[27.878,0.946],[27.929,1.017],[27.927,1.046],[27.853,1.039],[27.824,1.063],[27.741,1.068],[27.739,1.122],[27.771,1.15],[27.756,1.212],[27.784,1.229],[27.765,1.257],[27.783,1.301],[27.7,1.349],[27.634,1.341],[27.613,1.362],[27.599,1.341],[27.572,1.34],[27.494,1.426],[27.432,1.572],[27.376,1.565],[27.351,1.592],[27.295,1.578],[27.195,1.603],[27.214,1.631],[27.285,1.633],[27.306,1.728],[27.372,1.79],[27.35,1.876],[27.41,1.885],[27.327,2.029],[27.294,2.024],[27.254,2.048],[27.229,2.024],[27.246,1.962],[27.225,1.958],[27.21,1.911],[27.143,1.896],[27.06,1.915],[27.044,1.941]]]}},{"type":"Feature","properties":{"p":"CD3202"},"geometry":{"type":"Polygon","coordinates":[[[18.861,-3.66],[18.766,-3.624],[18.712,-3.624],[18.604,-3.571],[18.534,-3.586],[18.441,-3.568],[18.273,-3.457],[18.242,-3.399],[18.179,-3.419],[18.157,-3.447],[18.109,-3.402],[18.043,-3.377],[17.845,-3.425],[17.819,-3.387],[17.758,-3.363],[17.719,-3.323],[17.68,-3.332],[17.628,-3.299],[17.557,-3.294],[17.549,-3.33],[17.499,-3.36],[17.508,-3.408],[17.461,-3.44],[17.435,-3.428],[17.424,-3.393],[17.358,-3.359],[17.273,-3.49],[17.287,-3.574],[17.332,-3.653],[17.304,-3.668],[17.306,-3.696],[17.241,-3.786],[17.192,-3.937],[17.108,-4.025],[17.015,-3.982],[16.932,-3.987],[16.822,-4.097],[16.773,-4.087],[16.693,-4.15],[16.609,-4.135],[16.496,-4.185],[16.478,-4.233],[16.532,-4.357],[16.498,-4.421],[16.494,-4.484],[16.607,-4.556],[16.617,-4.373],[16.703,-4.322],[16.713,-4.352],[16.742,-4.334],[16.747,-4.382],[16.782,-4.353],[16.84,-4.354],[16.856,-4.294],[16.911,-4.348],[16.936,-4.401],[16.97,-4.401],[16.973,-4.429],[16.939,-4.466],[16.951,-4.501],[17.024,-4.479],[17.075,-4.532],[17.154,-4.566],[17.178,-4.549],[17.202,-4.457],[17.243,-4.4],[17.341,-4.369],[17.518,-4.238],[17.624,-4.243],[17.638,-4.341],[17.722,-4.32],[17.794,-4.275],[17.844,-4.323],[17.865,-4.28],[17.883,-4.286],[17.917,-4.242],[17.967,-4.22],[17.962,-4.204],[17.985,-4.197],[17.978,-4.16],[18.016,-4.139],[18.133,-4.201],[18.18,-4.151],[18.231,-4.171],[18.235,-4.114],[18.299,-3.986],[18.474,-4.042],[18.489,-4.021],[18.536,-4.022],[18.548,-3.979],[18.599,-4.034],[18.65,-4.05],[18.681,-4.005],[18.72,-3.994],[18.746,-3.91],[18.859,-3.791],[18.861,-3.66]]]}},{"type":"Feature","properties":{"p":"CD5209"},"geometry":{"type":"Polygon","coordinates":[[[25.256,3.55],[25.162,3.423],[25.122,3.415],[25.128,3.388],[25.19,3.335],[25.304,3.322],[25.348,3.367],[25.411,3.376],[25.487,3.289],[25.511,3.298],[25.593,3.263],[25.624,3.266],[25.633,3.285],[25.685,3.255],[25.701,3.27],[25.694,3.326],[25.718,3.356],[25.749,3.298],[25.844,3.213],[25.854,3.186],[25.839,3.17],[25.887,3.133],[25.865,3.121],[25.844,3.058],[25.863,3.022],[25.921,2.996],[25.892,2.992],[25.909,2.97],[25.842,2.898],[25.79,2.882],[25.766,2.845],[25.809,2.777],[25.765,2.652],[25.83,2.524],[25.813,2.481],[25.82,2.417],[25.916,2.219],[25.958,2.203],[25.991,2.27],[26.105,2.284],[26.154,2.328],[26.193,2.313],[26.218,2.342],[26.317,2.364],[26.308,2.407],[26.275,2.396],[26.212,2.417],[26.125,2.47],[26.151,2.649],[26.128,2.723],[26.205,2.728],[26.198,2.858],[26.248,2.888],[26.308,2.896],[26.427,2.857],[26.5,2.919],[26.493,2.964],[26.552,2.97],[26.539,3.0],[26.5,3.0],[26.481,3.073],[26.457,3.094],[26.461,3.185],[26.376,3.243],[26.404,3.312],[26.386,3.367],[26.364,3.374],[26.393,3.414],[26.324,3.431],[26.274,3.495],[26.153,3.563],[26.142,3.654],[26.02,3.741],[25.942,3.705],[25.908,3.719],[25.856,3.693],[25.842,3.551],[25.813,3.531],[25.789,3.528],[25.703,3.606],[25.604,3.584],[25.573,3.546],[25.53,3.547],[25.503,3.506],[25.413,3.542],[25.307,3.505],[25.286,3.541],[25.256,3.55]],[[26.061,3.633],[26.056,3.663],[26.086,3.667],[26.092,3.641],[26.061,3.633]]]}},{"type":"Feature","properties":{"p":"CD5110"},"geometry":{"type":"Polygon","coordinates":[[[26.584,2.053],[26.496,2.051],[26.475,2.116],[26.425,2.065],[26.356,2.069],[26.324,2.121],[26.317,2.364],[26.218,2.342],[26.193,2.313],[26.154,2.328],[26.105,2.284],[25.991,2.27],[25.958,2.203],[25.916,2.219],[25.894,2.255],[25.807,2.278],[25.66,2.178],[25.607,2.168],[25.436,2.199],[25.353,2.244],[25.333,2.275],[25.192,2.306],[25.13,2.253],[25.112,2.211],[25.158,2.192],[25.164,1.896],[25.029,1.874],[24.901,1.829],[24.781,1.783],[24.684,1.72],[24.616,1.601],[24.551,1.532],[24.535,1.461],[24.41,1.353],[24.44,1.317],[24.352,1.2],[24.302,1.09],[24.9,1.064],[24.899,0.983],[24.985,0.616],[25.192,0.66],[25.228,0.688],[25.349,0.957],[25.404,0.995],[25.441,1.061],[25.487,1.033],[25.532,1.036],[25.59,1.068],[25.682,1.042],[25.986,1.021],[25.954,1.061],[25.915,1.062],[25.823,1.113],[25.816,1.195],[25.772,1.302],[25.792,1.461],[25.898,1.51],[25.989,1.472],[26.013,1.44],[26.387,1.641],[26.451,1.627],[26.458,1.691],[26.522,1.703],[26.516,1.762],[26.538,1.795],[26.536,1.852],[26.591,1.902],[26.626,1.967],[26.565,2.0],[26.558,2.023],[26.584,2.053]]]}},{"type":"Feature","properties":{"p":"CD3201"},"geometry":{"type":"Polygon","coordinates":[[[17.557,-3.294],[17.397,-3.198],[17.354,-3.199],[17.381,-3.265],[17.339,-3.333],[17.424,-3.393],[17.442,-3.432],[17.484,-3.437],[17.508,-3.408],[17.499,-3.36],[17.549,-3.33],[17.557,-3.294]]]}},{"type":"Feature","properties":{"p":"CD2012"},"geometry":{"type":"Polygon","coordinates":[[[14.483,-5.501],[14.433,-5.509],[14.42,-5.613],[14.462,-5.617],[14.459,-5.567],[14.492,-5.534],[14.483,-5.501]]]}},{"type":"Feature","properties":{"p":"CD6211"},"geometry":{"type":"Polygon","coordinates":[[[29.098,-4.083],[29.084,-4.095],[29.1,-4.093],[29.098,-4.083]]]}},{"type":"Feature","properties":{"p":"CD4107"},"geometry":{"type":"Polygon","coordinates":[[[20.691,1.182],[20.714,1.269],[20.651,1.364],[20.637,1.417],[20.66,1.487],[20.66,1.567],[20.692,1.617],[20.695,1.704],[20.615,1.699],[20.567,1.666],[20.451,1.682],[20.405,1.666],[20.328,1.73],[20.111,1.756],[19.96,1.708],[19.879,1.661],[19.706,1.629],[19.538,1.527],[19.447,1.458],[19.443,1.252],[19.395,1.236],[19.357,1.191],[19.31,1.189],[19.271,1.126],[19.31,1.076],[19.307,0.997],[19.356,0.983],[19.342,0.891],[19.391,0.937],[19.424,0.943],[19.417,0.884],[19.466,0.819],[19.494,0.681],[19.604,0.656],[19.584,0.566],[19.61,0.47],[19.586,0.412],[19.698,0.413],[19.841,0.363],[19.911,0.369],[19.941,0.352],[20.052,0.371],[20.261,0.363],[20.295,0.375],[20.3,0.428],[20.359,0.512],[20.358,0.574],[20.43,0.673],[20.4,0.858],[20.44,0.958],[20.438,1.062],[20.488,1.109],[20.556,1.236],[20.691,1.182]]]}},{"type":"Feature","properties":{"p":"CD5109"},"geometry":{"type":"Polygon","coordinates":[[[23.573,2.396],[23.561,2.36],[23.58,2.193],[23.485,2.185],[23.329,2.282],[23.313,2.259],[23.326,2.141],[23.313,2.09],[23.271,2.106],[23.233,2.086],[23.188,2.093],[23.105,2.172],[23.021,2.219],[23.005,2.175],[22.978,2.186],[22.974,2.158],[22.934,2.143],[22.949,2.118],[22.929,2.096],[22.898,2.103],[22.889,2.069],[22.827,2.028],[22.78,2.018],[22.694,2.069],[22.681,2.05],[22.732,1.96],[22.827,1.911],[22.99,1.873],[23.056,1.809],[23.115,1.692],[23.184,1.604],[23.128,1.51],[23.224,1.346],[23.216,1.31],[23.326,1.344],[23.404,1.306],[23.522,1.159],[23.537,1.079],[23.582,1.083],[23.621,1.045],[23.687,1.054],[23.704,1.078],[23.696,1.11],[23.885,1.07],[24.044,0.987],[24.146,0.958],[24.302,1.09],[24.352,1.2],[24.44,1.317],[24.41,1.353],[24.535,1.461],[24.551,1.532],[24.616,1.601],[24.684,1.72],[24.781,1.783],[25.029,1.874],[25.151,1.887],[25.17,1.909],[25.156,2.202],[25.099,2.209],[25.059,2.257],[25.013,2.266],[24.953,2.247],[24.951,2.264],[24.926,2.266],[24.897,2.24],[24.867,2.283],[24.845,2.263],[24.458,2.283],[24.365,2.24],[24.31,2.281],[24.273,2.26],[24.215,2.26],[24.172,2.22],[24.06,2.211],[24.061,2.176],[24.086,2.154],[23.975,2.112],[23.96,2.077],[23.92,2.078],[23.876,2.124],[23.774,2.125],[23.665,2.189],[23.594,2.191],[23.612,2.254],[23.573,2.396]]]}},{"type":"Feature","properties":{"p":"CD4503"},"geometry":{"type":"Polygon","coordinates":[[[20.295,0.375],[20.354,0.348],[20.495,0.176],[20.575,0.138],[20.57,0.106],[20.476,0.046],[20.465,0.014],[20.562,-0.002],[20.587,-0.031],[20.73,-0.007],[20.81,-0.044],[20.813,0.006],[20.934,0.06],[20.956,0.086],[21.015,0.089],[21.168,0.214],[21.189,0.181],[21.223,0.19],[21.228,0.158],[21.265,0.125],[21.256,0.106],[21.298,0.089],[21.459,0.079],[21.489,0.084],[21.486,0.103],[21.512,0.087],[21.519,0.103],[21.55,0.071],[21.638,0.1],[21.669,0.091],[21.668,0.071],[21.722,0.094],[21.755,0.056],[21.776,0.086],[21.786,0.088],[21.77,0.054],[21.788,0.043],[21.821,0.057],[21.913,0.011],[21.972,0.005],[22.081,0.063],[22.177,0.08],[22.213,0.175],[22.27,0.2],[22.278,0.251],[22.208,0.366],[22.187,0.494],[22.162,0.543],[22.05,0.563],[22.023,0.589],[21.686,0.604],[21.564,0.658],[21.625,0.7],[21.634,0.726],[21.531,0.747],[21.46,0.803],[21.342,0.819],[21.021,0.951],[20.998,0.981],[21.023,1.062],[21.006,1.191],[20.947,1.172],[20.851,1.186],[20.818,1.171],[20.713,1.174],[20.556,1.236],[20.488,1.109],[20.438,1.062],[20.44,0.958],[20.4,0.858],[20.43,0.673],[20.358,0.574],[20.359,0.512],[20.3,0.428],[20.295,0.375]]]}},{"type":"Feature","properties":{"p":"CD8305"},"geometry":{"type":"Polygon","coordinates":[[[22.885,-4.215],[22.898,-4.251],[22.934,-4.242],[22.924,-4.204],[22.885,-4.215]]]}},{"type":"Feature","properties":{"p":"CD6109"},"geometry":{"type":"Polygon","coordinates":[[[29.384,0.545],[29.354,0.504],[29.355,0.466],[29.403,0.38],[29.513,0.389],[29.552,0.474],[29.535,0.581],[29.499,0.585],[29.48,0.55],[29.384,0.545]]]}},{"type":"Feature","properties":{"p":"CD4102"},"geometry":{"type":"Polygon","coordinates":[[[18.558,-0.071],[18.487,-0.028],[18.473,-0.044],[18.41,-0.027],[18.36,-0.092],[18.357,-0.159],[18.332,-0.193],[18.244,-0.245],[18.137,-0.224],[18.101,-0.187],[17.977,-0.339],[17.85,-0.457],[17.819,-0.515],[17.732,-0.59],[17.742,-0.619],[17.81,-0.592],[17.716,-1.049],[17.702,-1.086],[17.557,-1.222],[17.544,-1.33],[17.502,-1.405],[17.506,-1.48],[17.91,-1.376],[18.127,-1.204],[18.137,-1.103],[18.329,-1.123],[18.522,-1.261],[18.697,-1.221],[18.761,-1.236],[18.72,-1.183],[18.745,-1.118],[18.83,-1.184],[18.871,-1.166],[18.851,-1.078],[18.818,-1.038],[18.743,-1.012],[18.749,-0.935],[18.793,-0.822],[18.491,-0.615],[18.516,-0.583],[18.492,-0.467],[18.531,-0.409],[18.537,-0.324],[18.573,-0.24],[18.558,-0.071]]]}},{"type":"Feature","properties":{"p":"CD4502"},"geometry":{"type":"Polygon","coordinates":[[[20.576,-0.019],[20.549,-0.063],[20.448,-0.072],[20.347,-0.137],[20.339,-0.249],[20.295,-0.26],[20.269,-0.245],[20.244,-0.274],[20.192,-0.202],[20.209,-0.141],[20.194,-0.12],[20.079,-0.127],[20.071,-0.143],[20.094,-0.154],[20.075,-0.172],[20.014,-0.146],[19.996,-0.11],[19.923,-0.11],[19.891,-0.091],[19.827,-0.125],[19.823,-0.167],[19.864,-0.199],[19.886,-0.186],[19.898,-0.206],[19.912,-0.19],[19.944,-0.274],[19.975,-0.276],[20.011,-0.311],[20.052,-0.307],[20.072,-0.364],[20.109,-0.392],[20.097,-0.481],[20.155,-0.529],[20.176,-0.597],[20.226,-0.603],[20.324,-0.709],[20.365,-0.697],[20.402,-0.769],[20.461,-0.763],[20.489,-0.775],[20.485,-0.794],[20.549,-0.796],[20.537,-0.814],[20.631,-0.868],[20.66,-0.917],[20.706,-0.913],[20.734,-0.948],[20.806,-0.969],[20.882,-0.946],[20.918,-0.989],[20.976,-0.971],[21.044,-1.035],[21.118,-1.051],[21.243,-1.122],[21.329,-1.135],[21.357,-1.165],[21.393,-1.159],[21.427,-1.2],[21.565,-1.17],[21.712,-1.068],[21.723,-1.006],[21.682,-1.01],[21.647,-0.986],[21.59,-0.873],[21.646,-0.875],[21.822,-0.806],[21.871,-0.721],[21.946,-0.691],[21.891,-0.646],[21.892,-0.557],[21.838,-0.476],[21.798,-0.507],[21.782,-0.481],[21.754,-0.484],[21.752,-0.441],[21.722,-0.473],[21.708,-0.428],[21.638,-0.425],[21.603,-0.407],[21.599,-0.375],[21.584,-0.397],[21.516,-0.397],[21.508,-0.36],[21.479,-0.371],[21.455,-0.349],[21.374,-0.355],[21.354,-0.323],[21.384,-0.234],[21.447,-0.196],[21.501,-0.087],[21.634,0.053],[21.642,0.097],[21.55,0.071],[21.519,0.103],[21.512,0.087],[21.486,0.103],[21.489,0.084],[21.459,0.079],[21.298,0.089],[21.256,0.106],[21.265,0.125],[21.228,0.158],[21.223,0.19],[21.189,0.181],[21.168,0.214],[21.015,0.089],[20.956,0.086],[20.934,0.06],[20.813,0.006],[20.81,-0.044],[20.73,-0.007],[20.624,-0.031],[20.576,-0.019]]]}},{"type":"Feature","properties":{"p":"CD4506"},"geometry":{"type":"Polygon","coordinates":[[[21.669,0.091],[21.501,-0.087],[21.447,-0.196],[21.384,-0.234],[21.354,-0.323],[21.374,-0.355],[21.455,-0.349],[21.479,-0.371],[21.508,-0.36],[21.516,-0.397],[21.584,-0.397],[21.599,-0.375],[21.603,-0.407],[21.638,-0.425],[21.708,-0.428],[21.722,-0.473],[21.752,-0.441],[21.754,-0.484],[21.782,-0.481],[21.798,-0.507],[21.838,-0.476],[21.892,-0.557],[21.891,-0.646],[21.946,-0.691],[21.871,-0.721],[21.822,-0.806],[21.646,-0.875],[21.59,-0.873],[21.596,-0.905],[21.616,-0.912],[21.615,-0.948],[21.647,-0.986],[21.682,-1.01],[21.748,-0.997],[21.798,-1.034],[21.797,-1.056],[21.803,-1.042],[21.825,-1.061],[21.762,-1.212],[21.867,-1.302],[21.921,-1.5],[21.979,-1.523],[22.14,-1.73],[22.149,-1.77],[22.195,-1.811],[22.493,-1.917],[22.592,-1.739],[22.63,-1.717],[22.679,-1.721],[22.854,-1.531],[22.891,-1.514],[22.934,-1.533],[23.038,-1.406],[22.977,-1.342],[22.932,-1.377],[22.876,-1.378],[22.799,-1.294],[22.761,-1.343],[22.705,-1.245],[22.648,-0.977],[22.671,-0.904],[22.703,-0.891],[22.705,-0.823],[22.533,-0.707],[22.59,-0.462],[22.583,-0.403],[22.474,-0.159],[22.409,-0.094],[22.357,0.022],[22.34,0.115],[22.239,0.098],[22.197,0.068],[22.158,0.084],[22.104,0.057],[22.081,0.063],[21.972,0.005],[21.913,0.011],[21.821,0.057],[21.788,0.043],[21.77,0.054],[21.786,0.088],[21.755,0.056],[21.727,0.094],[21.668,0.071],[21.669,0.091]]]}},{"type":"Feature","properties":{"p":"CD3308"},"geometry":{"type":"Polygon","coordinates":[[[16.464,-2.33],[16.4,-2.145],[16.242,-2.123],[16.191,-2.225],[16.184,-2.383],[16.237,-2.625],[16.194,-2.719],[16.205,-2.785],[16.18,-2.875],[16.195,-3.016],[16.172,-3.073],[16.191,-3.179],[16.234,-3.119],[16.328,-3.086],[16.419,-3.066],[16.456,-3.083],[16.484,-3.053],[16.559,-3.058],[16.637,-3.023],[16.714,-3.019],[16.707,-2.931],[16.65,-2.863],[16.592,-2.717],[16.495,-2.651],[16.537,-2.617],[16.555,-2.573],[16.52,-2.51],[16.532,-2.428],[16.46,-2.444],[16.44,-2.412],[16.464,-2.33]]]}},{"type":"Feature","properties":{"p":"CD4108"},"geometry":{"type":"Polygon","coordinates":[[[19.447,1.458],[19.213,1.35],[18.789,1.11],[18.729,1.05],[18.685,1.037],[18.385,0.757],[18.361,0.687],[18.363,0.46],[18.32,0.379],[18.283,0.145],[18.289,0.069],[18.325,0.072],[18.363,0.044],[18.395,-0.036],[18.422,-0.023],[18.473,-0.044],[18.487,-0.028],[18.558,-0.071],[18.592,-0.012],[19.073,-0.17],[19.072,-0.218],[19.122,-0.238],[19.14,-0.229],[19.122,-0.192],[19.133,-0.177],[19.384,-0.132],[19.443,-0.103],[19.474,-0.131],[19.516,-0.094],[19.58,-0.159],[19.626,-0.147],[19.666,-0.174],[19.681,-0.13],[19.779,-0.173],[19.823,-0.167],[19.827,-0.125],[19.891,-0.091],[19.923,-0.11],[19.996,-0.11],[20.014,-0.146],[20.075,-0.172],[20.094,-0.154],[20.071,-0.143],[20.079,-0.127],[20.194,-0.12],[20.209,-0.141],[20.192,-0.202],[20.23,-0.271],[20.269,-0.245],[20.295,-0.26],[20.339,-0.249],[20.347,-0.137],[20.448,-0.072],[20.549,-0.063],[20.576,-0.019],[20.562,-0.002],[20.472,0.006],[20.464,0.03],[20.564,0.099],[20.575,0.138],[20.495,0.176],[20.354,0.348],[20.295,0.375],[19.989,0.367],[19.941,0.352],[19.911,0.369],[19.841,0.363],[19.698,0.413],[19.586,0.412],[19.61,0.47],[19.584,0.566],[19.604,0.656],[19.494,0.681],[19.466,0.819],[19.417,0.884],[19.424,0.943],[19.391,0.937],[19.342,0.891],[19.356,0.983],[19.307,0.997],[19.31,1.076],[19.271,1.126],[19.31,1.189],[19.357,1.191],[19.395,1.236],[19.443,1.252],[19.447,1.458]]]}},{"type":"Feature","properties":{"p":"CD2002"},"geometry":{"type":"Polygon","coordinates":[[[13.101,-5.879],[13.109,-5.76],[12.998,-5.767],[12.985,-5.857],[13.083,-5.862],[13.101,-5.879]]]}},{"type":"Feature","properties":{"p":"CD4104"},"geometry":{"type":"Polygon","coordinates":[[[18.101,-0.187],[18.183,-0.038],[18.289,0.069],[18.283,0.145],[18.32,0.379],[18.363,0.46],[18.369,0.643],[18.171,0.489],[18.173,0.666],[18.382,1.053],[18.631,1.444],[18.686,1.501],[19.114,1.781],[19.45,2.039],[19.125,2.126],[18.958,2.014],[18.849,1.977],[18.763,1.972],[18.709,1.903],[18.604,1.949],[18.591,1.977],[18.086,1.984],[18.058,1.821],[18.088,1.678],[18.068,1.521],[17.928,1.251],[17.942,1.164],[17.85,1.012],[17.845,0.919],[17.895,0.775],[17.876,0.594],[17.953,0.495],[17.963,0.408],[17.923,0.316],[17.821,0.216],[17.775,0.108],[17.758,0.018],[17.771,0.0],[17.714,-0.128],[17.742,-0.381],[17.703,-0.559],[17.779,-0.556],[18.101,-0.187]]]}},{"type":"Feature","properties":{"p":"CD5206"},"geometry":{"type":"Polygon","coordinates":[[[24.579,3.463],[24.649,3.5],[24.724,3.461],[24.732,3.483],[24.801,3.502],[24.903,3.47],[24.935,3.485],[24.986,3.448],[25.003,3.394],[25.058,3.423],[25.158,3.421],[25.28,3.595],[25.306,3.568],[25.307,3.618],[25.281,3.633],[25.291,3.652],[25.334,3.635],[25.384,3.655],[25.41,3.708],[25.426,3.695],[25.444,3.739],[25.465,3.729],[25.458,3.747],[25.534,3.822],[25.545,3.864],[25.51,3.871],[25.484,3.916],[25.39,3.975],[25.395,4.007],[25.442,4.016],[25.442,4.075],[25.412,4.115],[25.406,4.208],[25.366,4.226],[25.306,4.31],[25.32,4.485],[25.288,4.49],[25.155,4.435],[24.859,4.606],[24.856,4.679],[24.706,4.869],[24.693,4.921],[24.658,4.919],[24.674,4.969],[24.633,4.975],[24.614,5.03],[24.565,5.036],[24.534,5.081],[24.486,5.099],[24.439,5.097],[24.436,5.059],[24.407,5.111],[24.39,5.109],[24.357,5.06],[24.403,5.051],[24.411,5.032],[24.374,5.008],[24.299,5.004],[24.274,4.981],[24.275,4.937],[24.253,4.935],[24.236,4.96],[24.169,4.899],[24.105,4.913],[24.041,4.876],[23.972,4.881],[23.959,4.808],[23.905,4.838],[23.856,4.811],[23.833,4.829],[23.78,4.784],[23.709,4.782],[23.643,4.728],[23.589,4.728],[23.501,4.673],[23.457,4.67],[23.43,4.648],[23.43,4.597],[23.323,4.622],[23.188,4.736],[23.113,4.708],[23.032,4.766],[22.975,4.847],[22.941,4.815],[22.907,4.818],[22.889,4.78],[22.904,4.76],[22.866,4.708],[22.819,4.735],[22.783,4.704],[22.739,4.619],[22.699,4.472],[22.681,4.462],[22.627,4.485],[22.599,4.472],[22.586,4.401],[22.62,4.378],[22.619,4.35],[22.569,4.321],[22.544,4.262],[22.55,4.215],[22.445,4.124],[22.499,4.114],[22.547,4.136],[22.668,4.123],[22.694,4.084],[22.714,4.103],[22.747,4.074],[22.76,4.03],[22.787,4.034],[22.837,3.987],[22.81,3.965],[22.782,3.886],[22.829,3.852],[22.844,3.862],[22.901,3.835],[22.969,3.86],[22.99,3.838],[23.022,3.86],[23.077,3.855],[23.154,3.878],[23.155,3.848],[23.226,3.863],[23.269,3.837],[23.324,3.835],[23.37,3.798],[23.402,3.833],[23.529,3.819],[23.524,3.766],[23.407,3.688],[23.352,3.713],[23.285,3.778],[23.237,3.786],[23.256,3.761],[23.24,3.733],[23.29,3.71],[23.269,3.673],[23.323,3.629],[23.319,3.601],[23.343,3.59],[23.368,3.533],[23.52,3.535],[23.597,3.509],[23.64,3.577],[23.704,3.557],[23.726,3.588],[23.769,3.567],[23.827,3.62],[23.857,3.59],[23.878,3.623],[23.899,3.617],[23.945,3.662],[23.951,3.723],[23.992,3.73],[24.112,3.703],[24.163,3.719],[24.232,3.701],[24.361,3.554],[24.496,3.53],[24.579,3.463]]]}},{"type":"Feature","properties":{"p":"CD4405"},"geometry":{"type":"Polygon","coordinates":[[[20.691,1.182],[20.77,1.17],[20.851,1.186],[20.91,1.171],[21.006,1.191],[21.023,1.062],[20.998,1.0],[21.011,0.958],[21.342,0.819],[21.46,0.803],[21.531,0.747],[21.606,0.728],[21.634,0.726],[21.649,0.757],[21.66,0.886],[21.728,0.903],[21.796,0.858],[21.864,0.865],[21.967,0.951],[22.106,0.928],[22.054,1.08],[22.017,1.123],[21.938,1.143],[21.935,1.232],[21.898,1.309],[21.863,1.332],[21.876,1.701],[22.052,1.759],[22.127,1.763],[22.271,1.738],[22.324,1.757],[22.372,1.711],[22.358,1.784],[22.414,1.803],[22.435,1.872],[22.48,1.889],[22.482,1.968],[22.368,2.064],[22.364,2.155],[22.341,2.174],[22.123,2.216],[21.975,2.204],[21.43,2.091],[21.235,1.967],[21.165,1.949],[21.01,1.947],[20.824,2.005],[20.704,1.966],[20.482,1.979],[20.385,1.937],[20.287,1.929],[20.067,1.914],[20.009,1.941],[19.917,1.933],[19.8,1.831],[19.477,1.779],[19.318,1.709],[19.215,1.622],[19.213,1.35],[19.447,1.458],[19.706,1.629],[19.879,1.661],[19.96,1.708],[20.099,1.753],[20.238,1.753],[20.328,1.73],[20.405,1.666],[20.451,1.682],[20.567,1.666],[20.615,1.699],[20.689,1.708],[20.696,1.636],[20.66,1.567],[20.66,1.487],[20.637,1.417],[20.651,1.364],[20.714,1.269],[20.691,1.182]]]}},{"type":"Feature","properties":{"p":"CD4306"},"geometry":{"type":"Polygon","coordinates":[[[20.405,4.677],[20.343,4.751],[20.196,4.827],[20.151,4.885],[20.092,4.906],[20.037,4.958],[19.915,4.98],[19.825,5.093],[19.696,5.133],[19.613,5.128],[19.555,5.146],[19.49,5.122],[19.403,5.121],[19.359,5.073],[19.241,5.007],[19.202,4.942],[19.106,4.929],[19.014,4.768],[19.114,4.766],[19.163,4.703],[19.211,4.7],[19.229,4.68],[19.298,4.684],[19.38,4.625],[19.421,4.678],[19.459,4.678],[19.475,4.663],[19.474,4.619],[19.519,4.587],[19.308,4.086],[19.268,4.073],[19.266,4.033],[19.354,3.987],[19.418,3.896],[19.42,3.945],[19.445,3.95],[19.452,3.934],[19.469,3.947],[19.468,4.012],[19.512,4.06],[19.55,4.043],[19.552,4.065],[19.652,4.079],[19.676,4.066],[19.687,4.08],[19.704,4.055],[19.793,4.085],[19.919,4.058],[20.006,4.069],[20.1,4.03],[20.133,4.056],[20.3,3.966],[20.362,3.965],[20.379,4.619],[20.405,4.677]]]}},{"type":"Feature","properties":{"p":"CD4203"},"geometry":{"type":"Polygon","coordinates":[[[19.125,2.126],[19.6,2.005],[19.905,2.007],[19.932,2.023],[19.922,2.041],[19.964,2.127],[19.954,2.145],[19.995,2.182],[20.019,2.177],[20.045,2.245],[20.101,2.275],[20.113,2.299],[20.098,2.337],[20.163,2.35],[20.233,2.406],[20.256,2.393],[20.265,2.417],[20.297,2.402],[20.365,2.432],[20.435,2.421],[20.494,2.434],[20.511,2.395],[20.535,2.416],[20.556,2.404],[20.659,2.44],[20.676,2.413],[20.713,2.441],[20.738,2.442],[20.748,2.414],[20.774,2.416],[20.784,2.441],[20.802,2.435],[20.819,2.473],[20.874,2.505],[20.916,2.578],[20.805,2.745],[20.797,2.823],[20.766,2.828],[20.758,2.875],[20.737,2.878],[20.742,2.935],[20.715,2.945],[20.718,2.994],[20.734,2.999],[20.703,3.069],[20.721,3.067],[20.733,3.188],[20.382,2.817],[20.231,2.919],[20.209,2.952],[20.158,2.954],[20.139,2.919],[20.082,2.917],[19.968,2.873],[19.934,2.878],[19.906,2.909],[19.749,2.909],[19.717,2.819],[19.696,2.814],[19.514,2.855],[19.296,2.785],[19.333,2.741],[19.216,2.595],[19.182,2.472],[19.205,2.399],[19.263,2.351],[19.263,2.312],[19.125,2.126]]]}},{"type":"Feature","properties":{"p":"CD7306"},"geometry":{"type":"Polygon","coordinates":[[[26.753,-8.669],[26.755,-8.638],[26.777,-8.632],[26.755,-8.58],[26.763,-8.538],[26.74,-8.501],[26.702,-8.471],[26.588,-8.496],[26.562,-8.487],[26.63,-8.38],[26.622,-8.347],[26.671,-8.299],[26.661,-8.275],[26.747,-8.208],[26.813,-8.205],[26.833,-8.158],[26.813,-8.147],[26.803,-8.101],[26.776,-8.097],[26.685,-8.152],[26.606,-8.099],[26.519,-8.095],[26.498,-8.033],[26.469,-8.007],[26.393,-8.01],[26.416,-7.964],[26.406,-7.944],[26.367,-7.959],[26.332,-8.009],[26.319,-7.989],[26.278,-8.017],[26.276,-8.092],[26.304,-8.143],[26.287,-8.139],[26.29,-8.156],[26.176,-8.131],[26.175,-8.101],[26.147,-8.102],[26.151,-8.127],[26.127,-8.125],[26.112,-8.086],[26.086,-8.09],[26.025,-8.034],[25.981,-8.044],[25.934,-8.019],[25.916,-8.058],[25.862,-8.079],[25.854,-8.099],[25.851,-8.131],[25.883,-8.161],[25.847,-8.221],[25.851,-8.275],[25.811,-8.307],[25.676,-8.348],[25.716,-8.495],[25.67,-8.618],[25.564,-8.644],[25.572,-8.721],[25.482,-8.719],[25.495,-8.769],[25.479,-8.814],[25.517,-8.852],[25.537,-8.965],[25.569,-9.01],[25.567,-9.082],[25.659,-9.182],[25.625,-9.226],[25.602,-9.228],[25.579,-9.201],[25.549,-9.264],[25.537,-9.291],[25.555,-9.287],[25.541,-9.333],[25.554,-9.349],[25.52,-9.385],[25.535,-9.411],[25.506,-9.447],[25.51,-9.505],[25.59,-9.517],[25.641,-9.49],[25.7,-9.567],[25.88,-9.68],[25.944,-9.701],[26.034,-9.677],[26.038,-9.723],[26.189,-9.7],[26.22,-9.711],[26.333,-9.641],[26.321,-9.619],[26.336,-9.593],[26.48,-9.441],[26.465,-9.373],[26.502,-9.264],[26.465,-9.217],[26.562,-9.089],[26.608,-9.07],[26.673,-9.007],[26.68,-8.899],[26.732,-8.833],[26.714,-8.792],[26.714,-8.695],[26.732,-8.671],[26.76,-8.691],[26.77,-8.683],[26.753,-8.669]]]}},{"type":"Feature","properties":{"p":"CD6201"},"geometry":{"type":"Polygon","coordinates":[[[28.874,-2.46],[28.804,-2.471],[28.794,-2.506],[28.859,-2.561],[28.886,-2.555],[28.861,-2.529],[28.893,-2.491],[28.874,-2.46]]]}},{"type":"Feature","properties":{"p":"CD3204"},"geometry":{"type":"Polygon","coordinates":[[[18.121,-4.195],[18.142,-4.251],[18.139,-4.354],[18.187,-4.638],[18.233,-4.712],[18.291,-4.718],[18.303,-4.759],[18.375,-4.807],[18.366,-4.873],[18.303,-4.887],[18.337,-4.914],[18.35,-4.955],[18.338,-5.067],[18.355,-5.127],[18.308,-5.198],[18.479,-5.204],[18.527,-5.238],[18.646,-5.207],[18.661,-5.241],[18.629,-5.306],[18.694,-5.357],[18.726,-5.354],[18.789,-5.415],[18.799,-5.395],[18.86,-5.411],[18.943,-5.393],[18.953,-5.38],[18.932,-5.332],[18.954,-5.318],[19.034,-5.309],[19.071,-5.354],[19.075,-5.323],[19.126,-5.322],[19.125,-5.281],[19.083,-5.252],[19.099,-5.101],[19.07,-5.059],[19.153,-4.854],[19.171,-4.706],[19.249,-4.61],[19.238,-4.388],[19.204,-4.321],[19.108,-4.364],[19.126,-4.316],[19.065,-4.193],[19.02,-4.228],[18.983,-4.203],[18.966,-4.238],[18.882,-4.215],[18.853,-4.262],[18.801,-4.184],[18.821,-4.119],[18.813,-4.08],[18.744,-4.08],[18.685,-4.025],[18.65,-4.05],[18.612,-4.042],[18.548,-3.979],[18.536,-4.022],[18.489,-4.021],[18.474,-4.042],[18.299,-3.986],[18.235,-4.114],[18.231,-4.171],[18.18,-4.151],[18.148,-4.2],[18.121,-4.195]],[[18.782,-5.102],[18.751,-5.031],[18.813,-5.008],[18.861,-5.063],[18.825,-5.095],[18.782,-5.102]]]}},{"type":"Feature","properties":{"p":"CD4404"},"geometry":{"type":"Polygon","coordinates":[[[22.616,3.333],[22.621,3.296],[22.486,2.979],[22.355,3.032],[22.002,2.903],[21.873,2.896],[21.746,2.933],[21.647,2.92],[21.661,2.878],[21.725,2.82],[21.656,2.667],[21.681,2.605],[21.713,2.59],[21.724,2.372],[21.761,2.282],[21.814,2.241],[21.806,2.18],[22.123,2.216],[22.23,2.202],[22.623,2.097],[22.681,2.05],[22.694,2.069],[22.784,2.018],[22.889,2.069],[22.898,2.103],[22.924,2.091],[22.949,2.118],[22.934,2.143],[22.974,2.158],[22.978,2.186],[23.005,2.175],[23.021,2.219],[23.21,2.086],[23.271,2.106],[23.313,2.09],[23.326,2.141],[23.313,2.259],[23.329,2.282],[23.485,2.185],[23.58,2.193],[23.561,2.36],[23.573,2.396],[23.536,2.451],[23.452,2.511],[23.427,2.503],[23.359,2.565],[23.343,2.493],[23.316,2.492],[23.315,2.456],[23.29,2.452],[23.274,2.47],[23.298,2.477],[23.257,2.51],[23.047,2.574],[22.9,2.723],[22.879,2.757],[22.885,2.795],[22.916,2.81],[22.949,2.775],[22.954,2.853],[23.06,3.033],[23.02,3.071],[22.991,3.053],[22.966,3.077],[22.922,3.081],[22.858,3.02],[22.828,3.019],[22.788,3.04],[22.782,3.106],[22.76,3.124],[22.577,3.161],[22.651,3.284],[22.649,3.312],[22.616,3.333]]]}},{"type":"Feature","properties":{"p":"CD5401"},"geometry":{"type":"Polygon","coordinates":[[[30.299,1.586],[30.25,1.597],[30.219,1.582],[30.233,1.555],[30.222,1.484],[30.282,1.489],[30.299,1.586]]]}},{"type":"Feature","properties":{"p":"CD4305"},"geometry":{"type":"Polygon","coordinates":[[[19.919,4.058],[19.888,3.98],[19.936,3.918],[19.996,3.874],[20.197,3.8],[20.218,3.771],[20.131,3.731],[20.134,3.655],[20.15,3.64],[20.112,3.561],[20.217,3.468],[20.211,3.383],[20.281,3.303],[20.284,3.189],[20.228,3.14],[20.175,3.028],[20.222,2.927],[20.382,2.817],[20.647,3.112],[20.795,3.247],[20.931,3.102],[20.98,3.111],[21.033,3.064],[21.046,3.007],[21.145,2.922],[21.17,3.163],[21.25,3.119],[21.294,3.068],[21.435,3.001],[21.471,2.948],[21.525,2.928],[21.627,2.912],[21.746,2.933],[21.873,2.896],[21.947,2.896],[22.117,2.944],[22.101,3.129],[22.041,3.252],[21.971,3.269],[21.889,3.327],[21.821,3.312],[21.772,3.385],[21.712,3.31],[21.572,3.233],[21.537,3.334],[21.268,3.439],[21.258,3.462],[21.301,3.468],[21.337,3.56],[21.459,3.703],[21.429,3.802],[21.474,3.851],[21.333,3.817],[21.246,3.879],[21.06,3.862],[21.019,3.814],[21.021,3.788],[20.98,3.789],[20.933,3.755],[20.811,3.583],[20.719,3.666],[20.724,3.708],[20.691,3.716],[20.649,3.78],[20.473,3.874],[20.362,3.965],[20.3,3.966],[20.133,4.056],[20.1,4.03],[20.026,4.067],[19.919,4.058]]]}},{"type":"Feature","properties":{"p":"CD5202"},"geometry":{"type":"Polygon","coordinates":[[[24.856,2.3],[24.897,2.24],[24.926,2.266],[24.951,2.264],[24.953,2.247],[25.013,2.266],[25.059,2.257],[25.107,2.209],[25.13,2.253],[25.211,2.308],[25.333,2.275],[25.353,2.244],[25.436,2.199],[25.607,2.168],[25.66,2.178],[25.792,2.274],[25.894,2.255],[25.82,2.417],[25.813,2.481],[25.83,2.524],[25.765,2.652],[25.809,2.777],[25.766,2.845],[25.79,2.882],[25.852,2.907],[25.909,2.97],[25.892,2.992],[25.921,2.999],[25.858,3.027],[25.844,3.058],[25.865,3.121],[25.888,3.131],[25.839,3.17],[25.854,3.186],[25.844,3.213],[25.749,3.298],[25.718,3.356],[25.693,3.323],[25.692,3.257],[25.633,3.285],[25.624,3.266],[25.593,3.263],[25.511,3.298],[25.487,3.289],[25.411,3.376],[25.348,3.367],[25.289,3.32],[25.223,3.342],[25.19,3.335],[25.128,3.388],[25.122,3.415],[25.058,3.423],[24.997,3.395],[24.986,3.448],[24.927,3.488],[24.903,3.47],[24.785,3.502],[24.732,3.483],[24.724,3.461],[24.649,3.5],[24.579,3.463],[24.65,3.419],[24.699,3.351],[24.697,3.256],[24.719,3.157],[24.705,3.154],[24.692,3.191],[24.666,3.134],[24.605,3.131],[24.497,3.073],[24.482,2.928],[24.523,2.855],[24.499,2.8],[24.465,2.796],[24.443,2.771],[24.422,2.787],[24.442,2.819],[24.416,2.842],[24.329,2.818],[24.322,2.855],[24.297,2.863],[24.277,2.832],[24.259,2.856],[24.222,2.84],[24.212,2.864],[24.185,2.84],[24.195,2.764],[24.167,2.765],[24.167,2.743],[24.187,2.713],[24.263,2.68],[24.289,2.69],[24.401,2.654],[24.447,2.672],[24.465,2.651],[24.542,2.641],[24.564,2.578],[24.601,2.568],[24.626,2.514],[24.665,2.515],[24.757,2.371],[24.82,2.343],[24.836,2.288],[24.856,2.3]]]}},{"type":"Feature","properties":{"p":"CD6110"},"geometry":{"type":"Polygon","coordinates":[[[29.361,0.067],[29.365,0.11],[29.332,0.192],[29.249,0.213],[29.219,0.176],[29.189,0.168],[29.238,0.091],[29.255,0.085],[29.272,0.108],[29.303,0.061],[29.361,0.067]]]}},{"type":"Feature","properties":{"p":"CD9208"},"geometry":{"type":"Polygon","coordinates":[[[21.831,-2.53],[21.681,-2.469],[21.646,-2.431],[21.595,-2.419],[21.561,-2.379],[21.41,-2.31],[21.413,-2.446],[21.443,-2.498],[21.391,-2.473],[21.175,-2.514],[21.133,-2.496],[20.962,-2.49],[20.95,-2.558],[20.864,-2.702],[20.865,-2.749],[20.807,-2.804],[20.746,-2.945],[20.625,-3.327],[20.643,-3.971],[20.662,-4.058],[20.651,-4.155],[20.742,-4.145],[20.814,-4.107],[20.922,-4.119],[20.941,-4.075],[21.035,-4.012],[21.166,-3.967],[21.376,-4.013],[21.448,-4.076],[21.556,-4.062],[21.58,-4.031],[21.593,-4.054],[21.656,-4.013],[21.7,-4.019],[21.743,-3.984],[21.776,-3.99],[21.781,-3.964],[21.8,-3.958],[21.831,-3.96],[21.83,-3.983],[21.855,-3.973],[21.929,-3.999],[21.968,-3.975],[22.02,-3.892],[22.068,-3.878],[22.153,-3.809],[22.132,-3.779],[22.129,-3.578],[22.015,-3.572],[21.959,-3.602],[21.93,-3.489],[21.941,-3.442],[21.989,-3.401],[21.998,-3.296],[22.096,-3.209],[22.108,-3.064],[22.164,-3.012],[22.181,-2.957],[22.221,-2.929],[22.167,-2.923],[22.033,-2.73],[22.015,-2.674],[21.831,-2.53]]]}},{"type":"Feature","properties":{"p":"CD9106"},"geometry":{"type":"Polygon","coordinates":[[[22.424,-4.621],[22.37,-4.643],[22.286,-4.626],[22.248,-4.703],[22.202,-4.722],[22.226,-4.751],[22.223,-4.782],[22.086,-4.874],[22.104,-4.963],[22.127,-4.979],[22.092,-5.09],[22.035,-5.138],[22.02,-5.07],[21.932,-5.079],[21.868,-5.048],[21.88,-5.018],[21.824,-5.026],[21.802,-5.083],[21.69,-5.055],[21.69,-5.13],[21.638,-5.233],[21.624,-5.311],[21.664,-5.33],[21.659,-5.393],[21.754,-5.442],[21.761,-5.465],[21.821,-5.452],[21.822,-5.426],[21.847,-5.415],[21.879,-5.478],[21.926,-5.521],[21.977,-5.621],[21.936,-5.752],[21.962,-5.736],[22.022,-5.746],[22.121,-5.703],[22.137,-5.752],[22.223,-5.825],[22.226,-5.853],[22.402,-5.807],[22.432,-5.771],[22.445,-5.79],[22.482,-5.778],[22.507,-5.826],[22.566,-5.819],[22.627,-5.75],[22.673,-5.792],[22.779,-5.761],[22.829,-5.774],[22.812,-5.664],[22.848,-5.6],[22.806,-5.496],[22.757,-5.469],[22.729,-5.387],[22.496,-5.122],[22.441,-5.101],[22.483,-4.941],[22.358,-4.888],[22.35,-4.836],[22.456,-4.735],[22.451,-4.694],[22.476,-4.644],[22.424,-4.621]]]}},{"type":"Feature","properties":{"p":"CD9102"},"geometry":{"type":"Polygon","coordinates":[[[22.955,-5.847],[22.863,-5.83],[22.684,-5.85],[22.673,-5.827],[22.592,-5.847],[22.593,-5.95],[22.574,-5.981],[22.598,-6.009],[22.597,-6.041],[22.526,-6.002],[22.449,-5.999],[22.397,-6.031],[22.397,-6.103],[22.417,-6.133],[22.444,-6.129],[22.45,-6.174],[22.475,-6.203],[22.469,-6.248],[22.484,-6.252],[22.443,-6.359],[22.399,-6.399],[22.426,-6.45],[22.411,-6.48],[22.434,-6.49],[22.436,-6.521],[22.471,-6.555],[22.474,-6.601],[22.499,-6.615],[22.49,-6.69],[22.543,-6.695],[22.567,-6.732],[22.565,-6.779],[22.673,-6.806],[22.696,-6.792],[22.733,-6.859],[22.842,-6.906],[22.949,-6.885],[22.977,-6.952],[23.045,-6.869],[23.126,-6.895],[23.138,-6.934],[23.272,-6.949],[23.277,-6.915],[23.183,-6.906],[23.149,-6.861],[23.085,-6.849],[23.021,-6.77],[23.092,-6.613],[23.101,-6.538],[23.137,-6.476],[23.134,-6.418],[23.149,-6.415],[23.133,-6.385],[23.15,-6.377],[23.129,-6.353],[23.071,-6.348],[23.054,-6.254],[23.083,-6.191],[23.009,-6.166],[23.01,-6.103],[22.956,-6.065],[22.976,-6.025],[22.949,-5.948],[22.988,-5.886],[22.955,-5.847]],[[22.844,-6.502],[22.839,-6.46],[22.885,-6.462],[22.88,-6.498],[22.844,-6.502]]]}},{"type":"Feature","properties":{"p":"CD3209"},"geometry":{"type":"Polygon","coordinates":[[[19.858,-4.17],[19.878,-4.164],[19.874,-4.143],[19.847,-4.147],[19.858,-4.17]]]}},{"type":"Feature","properties":{"p":"CD7205"},"geometry":{"type":"Polygon","coordinates":[[[24.028,-9.841],[23.957,-9.827],[23.941,-9.859],[23.986,-9.906],[23.975,-9.941],[23.997,-9.965],[23.983,-9.992],[23.911,-9.872],[23.938,-10.015],[23.854,-10.019],[23.808,-9.99],[23.782,-10.071],[23.755,-10.062],[23.736,-10.009],[23.693,-9.973],[23.652,-10.006],[23.616,-10.0],[23.617,-9.948],[23.593,-9.911],[23.5,-10.092],[23.367,-10.065],[23.263,-10.096],[23.177,-10.098],[23.126,-10.081],[23.094,-10.023],[23.038,-9.973],[23.007,-10.056],[22.738,-10.016],[22.724,-9.971],[22.677,-9.948],[22.616,-9.869],[22.556,-9.89],[22.553,-9.989],[22.514,-10.029],[22.335,-10.054],[22.279,-10.103],[22.219,-10.082],[22.223,-10.159],[22.261,-10.264],[22.241,-10.29],[22.299,-10.316],[22.329,-10.399],[22.278,-10.516],[22.317,-10.544],[22.314,-10.676],[22.334,-10.758],[22.311,-10.783],[22.283,-10.776],[22.181,-10.852],[22.174,-10.875],[22.208,-10.954],[22.221,-11.104],[22.269,-11.182],[22.261,-11.233],[22.29,-11.251],[22.347,-11.179],[22.437,-11.175],[22.495,-11.12],[22.498,-11.052],[22.562,-11.031],[22.723,-11.11],[22.787,-11.113],[22.811,-11.083],[22.867,-11.062],[23.084,-11.124],[23.152,-11.093],[23.203,-11.102],[23.436,-10.938],[23.506,-10.946],[23.585,-10.993],[23.708,-11.008],[23.745,-10.992],[23.852,-11.028],[24.01,-10.885],[24.125,-10.91],[24.124,-10.952],[24.146,-10.977],[24.131,-11.024],[24.164,-11.045],[24.179,-10.992],[24.241,-10.974],[24.264,-10.892],[24.367,-10.893],[24.399,-10.874],[24.398,-10.784],[24.359,-10.743],[24.363,-10.71],[24.313,-10.601],[24.311,-10.458],[24.291,-10.384],[24.247,-10.39],[24.24,-10.37],[24.214,-10.372],[24.212,-10.332],[24.161,-10.322],[24.133,-10.293],[24.119,-10.262],[24.143,-10.217],[24.107,-10.161],[24.108,-10.125],[24.144,-10.095],[24.139,-10.055],[24.114,-10.039],[24.133,-10.012],[24.086,-9.993],[24.105,-9.914],[24.026,-9.892],[24.028,-9.841]],[[23.465,-10.345],[23.465,-10.375],[23.439,-10.372],[23.441,-10.349],[23.465,-10.345]]]}},{"type":"Feature","properties":{"p":"CD9107"},"geometry":{"type":"Polygon","coordinates":[[[22.673,-5.792],[22.684,-5.85],[22.863,-5.83],[22.955,-5.847],[22.976,-5.782],[23.073,-5.773],[23.086,-5.728],[23.282,-5.742],[23.426,-5.697],[23.381,-5.769],[23.395,-5.783],[23.429,-5.744],[23.478,-5.742],[23.505,-5.684],[23.581,-5.692],[23.676,-5.629],[23.758,-5.625],[23.714,-5.55],[23.705,-5.359],[23.436,-5.307],[23.424,-5.24],[23.383,-5.26],[23.314,-5.248],[23.185,-5.309],[23.15,-5.244],[23.025,-5.108],[22.905,-5.03],[22.926,-4.963],[22.975,-4.932],[22.926,-4.919],[22.942,-4.875],[23.188,-4.785],[23.097,-4.545],[23.027,-4.515],[22.884,-4.518],[22.828,-4.473],[22.663,-4.269],[22.525,-4.199],[22.529,-4.444],[22.461,-4.508],[22.425,-4.617],[22.476,-4.644],[22.451,-4.694],[22.456,-4.735],[22.348,-4.851],[22.358,-4.888],[22.483,-4.941],[22.441,-5.101],[22.496,-5.122],[22.682,-5.326],[22.729,-5.387],[22.757,-5.469],[22.802,-5.488],[22.845,-5.589],[22.842,-5.634],[22.812,-5.671],[22.829,-5.774],[22.779,-5.761],[22.673,-5.792]]]}},{"type":"Feature","properties":{"p":"CD5210"},"geometry":{"type":"Polygon","coordinates":[[[26.061,3.633],[26.092,3.641],[26.086,3.667],[26.056,3.663],[26.061,3.633]]]}},{"type":"Feature","properties":{"p":"CD4504"},"geometry":{"type":"Polygon","coordinates":[[[22.177,0.08],[22.197,0.068],[22.323,0.12],[22.381,0.055],[22.462,0.016],[22.6,-0.002],[22.652,-0.041],[22.684,-0.145],[22.798,-0.207],[22.944,-0.404],[23.085,-0.277],[23.276,-0.295],[23.357,-0.188],[23.308,-0.124],[23.094,0.053],[22.941,0.308],[22.93,0.344],[22.971,0.369],[22.927,0.502],[22.947,0.568],[22.846,0.699],[22.857,0.777],[22.822,0.882],[22.826,0.976],[22.735,1.173],[22.682,1.233],[22.64,1.344],[22.557,1.429],[22.469,1.466],[22.463,1.484],[22.423,1.475],[22.396,1.497],[22.311,1.493],[22.251,1.512],[22.285,1.672],[22.372,1.711],[22.334,1.753],[22.271,1.738],[22.178,1.762],[22.073,1.761],[21.876,1.701],[21.861,1.351],[21.935,1.232],[21.938,1.143],[22.017,1.123],[22.045,1.094],[22.106,0.928],[21.967,0.951],[21.864,0.865],[21.796,0.858],[21.728,0.903],[21.66,0.886],[21.664,0.82],[21.63,0.706],[21.564,0.658],[21.686,0.604],[22.023,0.589],[22.05,0.563],[22.162,0.543],[22.187,0.494],[22.208,0.366],[22.278,0.251],[22.27,0.2],[22.213,0.175],[22.177,0.08]]]}},{"type":"Feature","properties":{"p":"CD5405"},"geometry":{"type":"Polygon","coordinates":[[[30.282,1.489],[30.298,1.411],[30.341,1.414],[30.351,1.448],[30.422,1.448],[30.6,1.348],[30.701,1.496],[31.035,1.759],[30.916,1.915],[30.924,1.96],[30.965,2.003],[30.907,2.074],[30.912,2.141],[30.887,2.148],[30.871,2.112],[30.771,2.157],[30.73,2.132],[30.659,2.134],[30.54,2.192],[30.498,2.149],[30.449,2.156],[30.447,2.193],[30.398,2.184],[30.397,2.202],[30.442,2.224],[30.396,2.281],[30.314,2.28],[30.315,2.317],[30.275,2.302],[30.252,2.379],[30.189,2.417],[30.173,2.381],[30.057,2.369],[30.027,2.283],[29.998,2.279],[29.967,2.245],[29.947,2.268],[29.914,2.187],[29.871,2.184],[29.851,2.148],[29.903,2.11],[29.897,2.056],[29.809,2.092],[29.717,2.19],[29.623,2.187],[29.624,2.156],[29.722,2.01],[29.708,1.997],[29.728,1.962],[30.038,1.73],[29.998,1.686],[30.001,1.653],[30.059,1.661],[30.081,1.64],[30.127,1.703],[30.16,1.685],[30.202,1.707],[30.318,1.662],[30.337,1.614],[30.299,1.586],[30.282,1.489]],[[30.235,1.804],[30.221,1.825],[30.242,1.833],[30.251,1.81],[30.235,1.804]]]}},{"type":"Feature","properties":{"p":"CD5305"},"geometry":{"type":"Polygon","coordinates":[[[27.254,3.857],[27.288,3.844],[27.323,3.795],[27.373,3.784],[27.431,3.812],[27.466,3.775],[27.459,3.818],[27.496,3.84],[27.529,3.834],[27.559,3.887],[27.599,3.886],[27.611,3.93],[27.704,3.934],[27.718,3.958],[27.749,3.954],[27.745,3.974],[27.786,3.977],[27.798,4.058],[27.816,4.067],[27.892,4.038],[27.959,4.055],[27.961,3.999],[28.037,3.922],[28.051,3.844],[28.086,3.811],[28.14,3.808],[28.152,3.792],[28.147,3.77],[28.098,3.746],[28.046,3.747],[28.185,3.719],[28.224,3.689],[28.255,3.606],[28.279,3.591],[28.33,3.605],[28.367,3.666],[28.542,3.613],[28.472,3.385],[28.506,3.376],[28.494,3.363],[28.528,3.323],[28.445,3.295],[28.368,3.323],[28.372,3.242],[28.322,3.175],[28.289,3.051],[28.326,3.04],[28.326,2.96],[28.36,2.894],[28.445,2.877],[28.471,2.827],[28.512,2.82],[28.538,2.837],[28.519,2.878],[28.549,2.887],[28.566,2.801],[28.607,2.843],[28.6,2.859],[28.653,2.873],[28.676,2.838],[28.704,2.851],[28.71,2.878],[28.691,2.887],[28.748,2.968],[28.756,3.046],[28.846,3.042],[28.877,3.07],[28.881,3.112],[28.942,3.152],[28.975,3.234],[29.046,3.28],[29.125,3.377],[29.121,3.446],[29.139,3.469],[29.158,3.484],[29.213,3.434],[29.258,3.454],[29.315,3.393],[29.348,3.384],[29.394,3.483],[29.443,3.499],[29.468,3.564],[29.471,3.604],[29.431,3.652],[29.55,3.695],[29.564,3.675],[29.606,3.685],[29.633,3.735],[29.698,3.773],[29.623,3.859],[29.642,3.939],[29.555,3.994],[29.659,4.033],[29.691,4.234],[29.764,4.281],[29.803,4.349],[29.815,4.515],[29.841,4.569],[29.79,4.602],[29.733,4.605],[29.65,4.666],[29.495,4.685],[29.476,4.667],[29.475,4.608],[29.413,4.507],[29.31,4.392],[29.273,4.397],[29.254,4.365],[29.215,4.353],[29.139,4.427],[29.095,4.426],[29.094,4.45],[29.035,4.489],[28.83,4.489],[28.821,4.541],[28.787,4.571],[28.719,4.539],[28.679,4.437],[28.604,4.416],[28.582,4.378],[28.524,4.372],[28.48,4.303],[28.414,4.283],[28.359,4.336],[28.255,4.328],[28.2,4.346],[28.14,4.434],[28.086,4.435],[28.039,4.467],[28.015,4.546],[27.944,4.557],[27.876,4.539],[27.797,4.57],[27.764,4.646],[27.791,4.685],[27.789,4.754],[27.775,4.776],[27.711,4.774],[27.684,4.871],[27.59,4.861],[27.567,4.873],[27.527,4.934],[27.491,4.944],[27.464,4.979],[27.44,5.02],[27.443,5.063],[27.415,5.088],[27.232,5.152],[27.157,5.2],[27.067,5.201],[26.97,5.152],[26.987,5.095],[26.936,5.082],[26.929,5.011],[26.966,4.995],[26.95,4.976],[26.982,4.938],[26.999,4.864],[27.047,4.838],[27.035,4.797],[26.977,4.785],[27.028,4.693],[26.977,4.636],[26.981,4.562],[26.96,4.51],[27.04,4.507],[27.188,4.445],[27.273,4.471],[27.295,4.459],[27.267,4.418],[27.241,4.225],[27.191,4.079],[27.221,4.047],[27.227,3.968],[27.277,3.879],[27.254,3.857]]]}},{"type":"Feature","properties":{"p":"CD5307"},"geometry":{"type":"Polygon","coordinates":[[[30.541,3.595],[30.565,3.624],[30.58,3.702],[30.556,3.827],[30.526,3.849],[30.453,3.831],[30.43,3.871],[30.404,3.866],[30.266,3.957],[30.202,3.927],[30.169,4.107],[30.057,4.139],[30.017,4.21],[29.97,4.233],[29.979,4.308],[29.915,4.356],[29.865,4.352],[29.81,4.387],[29.764,4.281],[29.691,4.234],[29.659,4.033],[29.555,3.994],[29.642,3.939],[29.623,3.859],[29.698,3.773],[29.633,3.735],[29.606,3.685],[29.564,3.675],[29.55,3.695],[29.431,3.652],[29.471,3.604],[29.468,3.564],[29.443,3.499],[29.394,3.483],[29.348,3.384],[29.397,3.358],[29.427,3.371],[29.525,3.341],[29.562,3.352],[29.592,3.281],[29.618,3.284],[29.633,3.263],[29.654,3.278],[29.667,3.267],[29.65,3.293],[29.684,3.325],[29.706,3.313],[29.704,3.286],[29.748,3.251],[29.746,3.231],[29.722,3.199],[29.684,3.224],[29.687,3.196],[29.661,3.159],[29.685,3.135],[29.744,3.14],[29.827,3.051],[29.95,3.022],[29.97,2.974],[29.954,2.952],[29.894,3.004],[29.813,3.025],[29.773,3.067],[29.683,3.076],[29.672,3.059],[29.717,3.005],[29.758,2.864],[29.793,2.84],[29.89,2.868],[29.961,2.867],[29.971,2.825],[29.941,2.784],[29.983,2.764],[29.99,2.728],[30.045,2.688],[30.064,2.627],[30.144,2.63],[30.149,2.588],[30.185,2.584],[30.213,2.605],[30.209,2.669],[30.185,2.71],[30.186,2.768],[30.149,2.802],[30.214,2.825],[30.211,2.877],[30.112,2.882],[30.13,2.906],[30.189,2.905],[30.206,2.923],[30.175,2.947],[30.14,3.025],[30.234,3.088],[30.359,3.23],[30.337,3.305],[30.368,3.357],[30.367,3.407],[30.401,3.392],[30.423,3.433],[30.385,3.477],[30.372,3.54],[30.541,3.595]],[[30.194,3.873],[30.248,3.903],[30.274,3.891],[30.283,3.859],[30.265,3.826],[30.224,3.815],[30.199,3.83],[30.194,3.873]]]}},{"type":"Feature","properties":{"p":"CD3103"},"geometry":{"type":"Polygon","coordinates":[[[18.571,-5.857],[18.535,-5.887],[18.447,-5.816],[18.413,-5.814],[18.397,-5.78],[18.309,-5.863],[18.275,-5.865],[18.275,-5.84],[18.25,-5.87],[18.223,-5.77],[18.186,-5.813],[18.173,-5.881],[18.104,-5.872],[18.097,-5.861],[18.135,-5.844],[18.14,-5.82],[18.129,-5.802],[18.1,-5.814],[18.119,-5.762],[18.09,-5.742],[18.093,-5.724],[18.032,-5.718],[18.028,-5.691],[17.964,-5.706],[17.914,-5.666],[17.917,-5.641],[17.855,-5.629],[17.789,-5.716],[17.673,-5.693],[17.642,-5.72],[17.613,-5.692],[17.54,-5.708],[17.529,-5.731],[17.467,-5.755],[17.399,-5.762],[17.342,-5.736],[17.353,-5.782],[17.278,-5.806],[17.435,-6.089],[17.453,-6.201],[17.564,-6.387],[17.584,-6.492],[17.616,-6.506],[17.684,-6.482],[17.696,-6.512],[17.653,-6.542],[17.688,-6.539],[17.781,-6.621],[17.883,-6.546],[17.916,-6.549],[17.926,-6.528],[17.971,-6.546],[17.97,-6.576],[18.001,-6.576],[18.018,-6.634],[18.073,-6.617],[18.041,-6.672],[18.047,-6.722],[18.104,-6.799],[18.109,-6.833],[18.19,-6.9],[18.224,-6.981],[18.234,-6.97],[18.197,-6.863],[18.261,-6.884],[18.269,-6.859],[18.289,-6.858],[18.333,-6.881],[18.369,-6.848],[18.399,-6.89],[18.43,-6.891],[18.445,-6.86],[18.421,-6.811],[18.519,-6.789],[18.54,-6.82],[18.548,-6.784],[18.598,-6.739],[18.683,-6.716],[18.731,-6.759],[18.709,-6.801],[18.717,-6.822],[18.754,-6.784],[18.79,-6.805],[18.848,-6.794],[18.871,-6.752],[18.879,-6.787],[18.921,-6.787],[18.941,-6.812],[18.981,-6.92],[19.111,-6.898],[19.229,-6.762],[19.282,-6.752],[19.274,-6.703],[19.32,-6.588],[19.345,-6.416],[19.295,-6.259],[19.306,-6.217],[19.382,-6.158],[19.392,-6.124],[19.307,-6.135],[19.217,-6.093],[19.179,-6.182],[19.145,-6.196],[19.106,-6.177],[19.055,-6.27],[18.949,-6.311],[18.932,-6.297],[18.923,-6.228],[18.867,-6.246],[18.835,-6.201],[18.833,-6.184],[18.87,-6.197],[18.869,-6.12],[18.846,-6.146],[18.829,-6.129],[18.835,-6.097],[18.748,-6.138],[18.729,-6.122],[18.693,-6.027],[18.705,-5.981],[18.533,-5.991],[18.548,-5.971],[18.541,-5.914],[18.571,-5.857]]]}},{"type":"Feature","properties":{"p":"CD6210"},"geometry":{"type":"Polygon","coordinates":[[[29.235,-3.558],[29.046,-3.548],[28.982,-3.658],[28.901,-3.65],[28.828,-3.597],[28.796,-3.607],[28.784,-3.652],[28.717,-3.614],[28.698,-3.662],[28.742,-3.739],[28.828,-3.819],[28.844,-3.807],[28.854,-3.821],[28.809,-3.993],[28.777,-3.962],[28.757,-3.987],[28.728,-3.989],[28.712,-3.918],[28.732,-3.865],[28.712,-3.847],[28.707,-3.769],[28.586,-3.885],[28.562,-3.827],[28.481,-3.908],[28.455,-3.796],[28.438,-3.852],[28.394,-3.858],[28.35,-3.854],[28.299,-3.818],[28.234,-3.835],[28.077,-3.829],[27.981,-3.916],[27.981,-3.965],[27.838,-4.022],[27.827,-4.044],[27.834,-4.09],[27.896,-4.126],[27.942,-4.127],[27.967,-4.105],[28.036,-4.123],[28.017,-4.146],[28.018,-4.191],[28.061,-4.184],[28.118,-4.227],[28.166,-4.212],[28.185,-4.157],[28.175,-4.136],[28.198,-4.121],[28.243,-4.2],[28.358,-4.282],[28.379,-4.274],[28.402,-4.364],[28.481,-4.397],[28.503,-4.461],[28.553,-4.46],[28.553,-4.523],[28.607,-4.677],[28.684,-4.74],[28.69,-4.799],[28.768,-4.914],[28.755,-4.961],[28.777,-4.966],[28.804,-5.01],[29.372,-5.008],[29.353,-4.74],[29.386,-4.267],[29.353,-4.112],[29.302,-4.001],[29.231,-3.951],[29.235,-3.558]],[[29.084,-4.095],[29.098,-4.083],[29.1,-4.093],[29.084,-4.095]]]}},{"type":"Feature","properties":{"p":"CD4301"},"geometry":{"type":"Polygon","coordinates":[[[21.057,4.399],[20.865,4.446],[20.81,4.419],[20.656,4.422],[20.624,4.402],[20.636,4.372],[20.7,4.344],[20.71,4.308],[20.74,4.289],[20.796,4.079],[20.861,4.062],[20.954,4.137],[20.953,4.166],[20.994,4.184],[20.977,4.15],[21.017,4.183],[21.078,4.26],[21.056,4.315],[21.057,4.399]]]}},{"type":"Feature","properties":{"p":"CD4202"},"geometry":{"type":"Polygon","coordinates":[[[19.42,3.945],[19.408,3.863],[19.365,3.86],[19.374,3.843],[19.352,3.85],[19.374,3.809],[19.346,3.802],[19.362,3.796],[19.356,3.739],[19.266,3.743],[19.269,3.691],[19.242,3.636],[19.273,3.627],[19.283,3.601],[19.277,3.539],[19.248,3.514],[19.267,3.488],[19.239,3.484],[19.232,3.457],[19.195,3.468],[19.205,3.438],[19.166,3.426],[19.181,3.407],[19.158,3.41],[19.13,3.366],[19.076,3.344],[19.099,3.321],[19.071,3.291],[19.098,3.228],[19.086,3.127],[19.121,3.123],[19.155,3.067],[19.244,3.08],[19.3,3.017],[19.313,2.964],[19.226,2.904],[19.294,2.787],[19.514,2.855],[19.696,2.814],[19.717,2.819],[19.723,2.869],[19.762,2.912],[19.906,2.909],[19.934,2.878],[19.968,2.873],[20.082,2.917],[20.139,2.919],[20.158,2.954],[20.209,2.952],[20.175,3.035],[20.228,3.14],[20.284,3.189],[20.281,3.303],[20.211,3.383],[20.217,3.468],[20.139,3.523],[20.111,3.567],[20.15,3.64],[20.134,3.655],[20.131,3.731],[20.218,3.771],[20.203,3.797],[19.996,3.874],[19.936,3.918],[19.888,3.98],[19.919,4.058],[19.858,4.081],[19.754,4.079],[19.704,4.055],[19.687,4.08],[19.676,4.066],[19.652,4.079],[19.552,4.065],[19.55,4.043],[19.512,4.06],[19.468,4.012],[19.469,3.947],[19.452,3.934],[19.445,3.95],[19.42,3.945]]]}},{"type":"Feature","properties":{"p":"CD6101"},"geometry":{"type":"Polygon","coordinates":[[[29.242,-1.7],[29.252,-1.662],[29.153,-1.61],[29.146,-1.64],[29.242,-1.7]]]}},{"type":"Feature","properties":{"p":"CD3210"},"geometry":{"type":"Polygon","coordinates":[[[18.629,-5.306],[18.588,-5.313],[18.591,-5.338],[18.561,-5.331],[18.546,-5.347],[18.554,-5.414],[18.496,-5.432],[18.478,-5.516],[18.443,-5.522],[18.402,-5.491],[18.389,-5.517],[18.369,-5.511],[18.368,-5.572],[18.343,-5.583],[18.322,-5.654],[18.299,-5.673],[18.35,-5.692],[18.37,-5.746],[18.392,-5.721],[18.46,-5.715],[18.503,-5.688],[18.571,-5.699],[18.571,-5.857],[18.541,-5.914],[18.548,-5.971],[18.533,-5.991],[18.705,-5.981],[18.693,-6.027],[18.729,-6.122],[18.748,-6.138],[18.835,-6.097],[18.829,-6.129],[18.846,-6.146],[18.869,-6.12],[18.87,-6.197],[18.833,-6.184],[18.835,-6.201],[18.867,-6.246],[18.923,-6.228],[18.932,-6.297],[18.949,-6.311],[19.055,-6.27],[19.106,-6.177],[19.145,-6.196],[19.179,-6.182],[19.217,-6.093],[19.307,-6.135],[19.337,-6.12],[19.396,-6.132],[19.306,-6.217],[19.295,-6.259],[19.33,-6.384],[19.391,-6.383],[19.445,-6.282],[19.61,-6.354],[19.688,-6.337],[19.696,-6.24],[19.68,-6.224],[19.706,-6.145],[19.886,-5.996],[19.9,-6.01],[20.0,-5.967],[20.051,-5.859],[20.109,-5.837],[20.115,-5.797],[20.171,-5.739],[20.191,-5.623],[20.165,-5.6],[20.145,-5.533],[20.152,-5.484],[20.179,-5.484],[20.147,-5.463],[20.146,-5.428],[20.169,-5.413],[20.14,-5.413],[20.157,-5.384],[20.145,-5.353],[20.184,-5.331],[20.173,-5.29],[20.204,-5.271],[20.186,-5.239],[20.199,-5.227],[20.191,-5.146],[20.124,-5.175],[20.06,-5.284],[20.021,-5.301],[20.008,-5.351],[20.041,-5.388],[20.018,-5.421],[19.968,-5.462],[19.875,-5.437],[19.873,-5.529],[19.845,-5.53],[19.777,-5.588],[19.675,-5.591],[19.637,-5.661],[19.596,-5.666],[19.55,-5.64],[19.526,-5.728],[19.494,-5.755],[19.468,-5.742],[19.45,-5.697],[19.425,-5.558],[19.372,-5.523],[19.273,-5.337],[19.326,-5.272],[19.262,-5.145],[19.222,-5.149],[19.207,-5.185],[19.158,-5.203],[19.118,-5.276],[19.126,-5.322],[19.075,-5.323],[19.071,-5.354],[19.034,-5.309],[18.954,-5.318],[18.932,-5.332],[18.953,-5.38],[18.921,-5.404],[18.799,-5.395],[18.789,-5.415],[18.726,-5.354],[18.694,-5.357],[18.629,-5.306]]]}},{"type":"Feature","properties":{"p":"CD3206"},"geometry":{"type":"Polygon","coordinates":[[[18.673,-4.023],[18.744,-4.08],[18.816,-4.084],[18.801,-4.184],[18.853,-4.262],[18.882,-4.215],[18.966,-4.238],[18.983,-4.203],[19.02,-4.228],[19.065,-4.193],[19.126,-4.316],[19.108,-4.364],[19.201,-4.318],[19.237,-4.383],[19.249,-4.61],[19.171,-4.706],[19.153,-4.854],[19.07,-5.059],[19.099,-5.101],[19.083,-5.252],[19.118,-5.276],[19.165,-5.195],[19.207,-5.185],[19.222,-5.149],[19.262,-5.145],[19.326,-5.272],[19.273,-5.337],[19.372,-5.523],[19.425,-5.558],[19.468,-5.742],[19.494,-5.755],[19.518,-5.739],[19.55,-5.64],[19.596,-5.666],[19.637,-5.661],[19.675,-5.591],[19.777,-5.588],[19.845,-5.53],[19.873,-5.529],[19.875,-5.437],[19.968,-5.462],[20.027,-5.413],[20.04,-5.384],[20.008,-5.351],[20.021,-5.301],[20.06,-5.284],[20.124,-5.175],[20.191,-5.146],[20.169,-5.062],[20.14,-5.035],[20.143,-4.999],[20.115,-4.959],[20.103,-4.871],[20.05,-4.737],[20.071,-4.668],[20.062,-4.595],[20.124,-4.494],[20.092,-4.471],[20.087,-4.419],[20.044,-4.353],[20.029,-4.261],[19.98,-4.184],[19.891,-4.143],[19.851,-4.09],[19.605,-4.042],[19.569,-4.004],[19.263,-3.827],[19.065,-3.754],[18.884,-3.661],[18.858,-3.665],[18.859,-3.791],[18.746,-3.91],[18.72,-3.994],[18.673,-4.023]],[[19.858,-4.17],[19.847,-4.147],[19.874,-4.143],[19.878,-4.164],[19.858,-4.17]],[[19.524,-4.078],[19.515,-4.047],[19.546,-4.043],[19.551,-4.065],[19.524,-4.078]]]}},{"type":"Feature","properties":{"p":"CD6206"},"geometry":{"type":"Polygon","coordinates":[[[29.145,-1.639],[28.995,-2.064],[28.929,-2.158],[29.012,-2.297],[29.099,-2.284],[29.173,-2.107],[29.167,-1.886],[29.243,-1.703],[29.145,-1.639]]]}},{"type":"Feature","properties":{"p":"CD4505"},"geometry":{"type":"Polygon","coordinates":[[[22.59,-1.751],[22.638,-1.816],[22.69,-1.808],[22.759,-1.855],[22.868,-1.885],[22.932,-1.878],[23.147,-1.945],[23.201,-1.979],[23.288,-2.088],[23.327,-2.029],[23.424,-1.997],[23.46,-2.03],[23.586,-1.99],[23.592,-1.885],[23.562,-1.793],[23.678,-1.822],[23.714,-1.773],[23.811,-1.736],[23.955,-1.737],[23.968,-1.698],[24.444,-1.715],[24.406,-1.652],[24.36,-1.325],[24.126,-1.323],[24.072,-1.307],[23.934,-1.379],[23.898,-1.311],[23.842,-1.279],[23.8,-1.188],[23.702,-1.15],[23.651,-1.149],[23.671,-1.075],[23.639,-1.011],[23.51,-0.986],[23.386,-0.898],[23.255,-0.761],[23.278,-0.746],[23.313,-0.757],[23.333,-0.692],[23.398,-0.65],[23.534,-0.613],[23.539,-0.595],[23.474,-0.544],[23.455,-0.452],[23.419,-0.414],[23.245,-0.458],[23.101,-0.559],[23.135,-0.412],[22.944,-0.404],[22.798,-0.207],[22.678,-0.139],[22.652,-0.041],[22.595,0.0],[22.491,0.008],[22.381,0.055],[22.34,0.115],[22.357,0.022],[22.409,-0.094],[22.474,-0.159],[22.583,-0.403],[22.59,-0.462],[22.533,-0.707],[22.705,-0.823],[22.703,-0.891],[22.671,-0.904],[22.648,-0.977],[22.705,-1.245],[22.761,-1.343],[22.799,-1.294],[22.876,-1.378],[22.932,-1.377],[22.977,-1.342],[23.038,-1.406],[22.934,-1.533],[22.891,-1.514],[22.854,-1.531],[22.679,-1.721],[22.63,-1.717],[22.59,-1.751]]]}},{"type":"Feature","properties":{"p":"CD9205"},"geometry":{"type":"Polygon","coordinates":[[[20.124,-5.788],[20.253,-5.809],[20.31,-5.864],[20.316,-5.895],[20.355,-5.904],[20.54,-5.842],[20.62,-5.898],[20.633,-5.893],[20.764,-5.752],[20.786,-5.764],[20.82,-5.752],[20.867,-5.674],[20.862,-5.603],[20.917,-5.592],[20.911,-5.513],[20.981,-5.448],[20.999,-5.364],[21.087,-5.293],[21.072,-5.232],[21.113,-5.017],[21.063,-4.917],[21.074,-4.852],[21.048,-4.746],[21.071,-4.678],[21.042,-4.627],[20.931,-4.62],[20.819,-4.554],[20.826,-4.507],[20.904,-4.436],[20.905,-4.37],[20.864,-4.313],[20.832,-4.313],[20.831,-4.276],[20.728,-4.284],[20.72,-4.233],[20.67,-4.234],[20.631,-4.207],[20.485,-4.266],[20.469,-4.295],[20.416,-4.284],[20.383,-4.3],[20.353,-4.399],[20.308,-4.384],[20.26,-4.397],[20.234,-4.382],[20.231,-4.349],[20.17,-4.34],[20.126,-4.292],[20.033,-4.293],[20.044,-4.353],[20.093,-4.434],[20.092,-4.471],[20.125,-4.5],[20.062,-4.595],[20.056,-4.782],[20.086,-4.822],[20.115,-4.959],[20.143,-4.999],[20.14,-5.035],[20.182,-5.093],[20.2,-5.189],[20.186,-5.239],[20.204,-5.271],[20.173,-5.29],[20.184,-5.331],[20.145,-5.353],[20.157,-5.384],[20.14,-5.413],[20.169,-5.413],[20.146,-5.428],[20.147,-5.463],[20.179,-5.484],[20.152,-5.484],[20.145,-5.533],[20.165,-5.6],[20.191,-5.623],[20.171,-5.739],[20.124,-5.788]]]}},{"type":"Feature","properties":{"p":"CD5411"},"geometry":{"type":"Polygon","coordinates":[[[30.744,3.401],[30.767,3.377],[30.792,3.401],[30.771,3.421],[30.744,3.401]]]}},{"type":"Feature","properties":{"p":"CD4109"},"geometry":{"type":"Polygon","coordinates":[[[18.793,-0.822],[19.0,-0.82],[19.061,-0.784],[19.09,-0.741],[19.19,-0.893],[19.212,-1.048],[19.272,-1.053],[19.301,-1.077],[19.433,-1.425],[19.514,-1.257],[19.61,-1.171],[19.602,-0.978],[19.689,-0.992],[19.671,-1.05],[19.682,-1.156],[19.711,-1.171],[19.848,-1.158],[19.909,-1.107],[20.092,-1.065],[20.162,-1.019],[20.138,-0.987],[20.137,-0.945],[20.254,-0.758],[20.284,-0.666],[20.226,-0.603],[20.176,-0.597],[20.155,-0.529],[20.097,-0.481],[20.109,-0.392],[20.072,-0.364],[20.052,-0.307],[20.011,-0.311],[19.925,-0.258],[19.912,-0.19],[19.898,-0.206],[19.886,-0.186],[19.864,-0.199],[19.854,-0.177],[19.745,-0.168],[19.681,-0.13],[19.666,-0.174],[19.626,-0.147],[19.58,-0.159],[19.516,-0.094],[19.474,-0.131],[19.443,-0.103],[19.384,-0.132],[19.133,-0.177],[19.128,-0.239],[19.072,-0.218],[19.073,-0.17],[18.592,-0.012],[18.559,-0.063],[18.573,-0.24],[18.537,-0.324],[18.531,-0.409],[18.492,-0.467],[18.516,-0.583],[18.491,-0.615],[18.793,-0.822]]]}},{"type":"Feature","properties":{"p":"CD2018"},"geometry":{"type":"Polygon","coordinates":[[[15.099,-5.184],[15.12,-5.168],[15.128,-5.12],[15.101,-5.092],[15.078,-5.1],[15.062,-5.149],[15.099,-5.184]]]}},{"type":"Feature","properties":{"p":"CD3302"},"geometry":{"type":"Polygon","coordinates":[[[17.506,-1.48],[17.114,-1.786],[17.094,-1.778],[17.064,-1.804],[16.941,-1.759],[16.858,-1.782],[16.814,-1.766],[16.79,-1.802],[16.794,-1.836],[16.828,-1.822],[16.847,-1.846],[16.943,-1.866],[16.945,-2.001],[16.637,-1.998],[16.675,-2.179],[16.692,-2.195],[16.739,-2.182],[16.822,-2.196],[16.874,-2.261],[16.923,-2.274],[17.06,-2.211],[17.134,-2.146],[17.224,-2.199],[17.291,-2.155],[17.3,-2.128],[17.395,-2.091],[17.459,-2.103],[17.658,-2.073],[17.833,-2.015],[17.95,-2.001],[17.948,-2.048],[17.902,-2.125],[17.916,-2.197],[17.86,-2.326],[17.934,-2.325],[18.02,-2.279],[18.135,-2.339],[18.208,-2.545],[18.258,-2.551],[18.268,-2.588],[18.402,-2.584],[18.435,-2.664],[18.458,-2.677],[18.483,-2.659],[18.479,-2.619],[18.496,-2.604],[18.585,-2.585],[18.635,-2.528],[18.678,-2.523],[18.735,-2.458],[18.819,-2.417],[18.961,-2.457],[19.012,-2.497],[19.042,-2.566],[19.269,-2.76],[19.284,-2.698],[19.274,-2.618],[19.305,-2.48],[19.25,-2.278],[19.262,-2.221],[19.176,-2.116],[19.116,-1.965],[19.0,-1.875],[18.951,-1.876],[18.855,-1.817],[18.834,-1.834],[18.791,-1.816],[18.769,-1.825],[18.643,-1.708],[18.572,-1.709],[18.438,-1.761],[18.39,-1.735],[18.446,-1.719],[18.521,-1.568],[18.639,-1.552],[18.688,-1.528],[18.708,-1.566],[18.724,-1.504],[18.799,-1.453],[18.796,-1.415],[18.833,-1.388],[18.785,-1.252],[18.709,-1.221],[18.522,-1.261],[18.329,-1.123],[18.137,-1.103],[18.127,-1.204],[17.91,-1.376],[17.506,-1.48]]]}},{"type":"Feature","properties":{"p":"CD5402"},"geometry":{"type":"Polygon","coordinates":[[[30.299,1.586],[30.337,1.614],[30.33,1.638],[30.313,1.667],[30.271,1.67],[30.247,1.699],[30.202,1.707],[30.16,1.685],[30.127,1.703],[30.081,1.64],[30.059,1.661],[30.001,1.653],[29.998,1.686],[30.038,1.73],[30.0,1.745],[29.902,1.582],[29.818,1.591],[29.769,1.565],[29.725,1.437],[29.674,1.433],[29.633,1.457],[29.587,1.407],[29.585,1.368],[29.528,1.347],[29.53,1.315],[29.481,1.28],[29.474,1.21],[29.413,1.183],[29.374,1.112],[29.374,1.044],[29.35,0.995],[29.313,0.991],[29.29,0.957],[29.314,0.915],[29.368,0.871],[29.399,0.812],[29.458,0.86],[29.486,0.842],[29.495,0.801],[29.537,0.789],[29.523,0.861],[29.56,0.875],[29.623,0.853],[29.627,0.882],[29.659,0.908],[29.696,0.868],[29.727,0.866],[29.756,0.908],[29.808,0.911],[29.861,0.954],[29.86,0.897],[29.92,0.799],[30.045,0.871],[30.116,0.896],[30.145,0.885],[30.224,0.995],[30.271,1.119],[30.333,1.152],[30.363,1.2],[30.511,1.208],[30.6,1.348],[30.422,1.448],[30.351,1.448],[30.341,1.414],[30.298,1.411],[30.282,1.489],[30.222,1.484],[30.233,1.555],[30.219,1.582],[30.25,1.597],[30.299,1.586]]]}},{"type":"Feature","properties":{"p":"CD5105"},"geometry":{"type":"Polygon","coordinates":[[[24.302,1.09],[24.146,0.958],[24.044,0.987],[23.885,1.07],[23.696,1.11],[23.758,0.995],[23.736,0.955],[23.694,0.99],[23.684,0.886],[23.635,0.817],[23.63,0.739],[23.68,0.67],[23.779,0.668],[23.797,0.603],[23.771,0.447],[23.804,0.388],[23.649,0.041],[23.576,-0.044],[23.723,-0.023],[23.716,-0.092],[23.676,-0.118],[23.673,-0.143],[23.708,-0.19],[23.754,-0.201],[23.662,-0.259],[23.721,-0.266],[23.688,-0.39],[23.74,-0.376],[23.829,-0.288],[23.869,-0.299],[24.048,-0.256],[24.022,-0.177],[24.083,-0.156],[24.111,-0.173],[24.134,-0.162],[24.273,-0.041],[24.263,0.003],[24.17,0.105],[24.254,0.19],[24.305,0.173],[24.341,0.382],[24.363,0.337],[24.414,0.3],[24.457,0.479],[24.534,0.486],[24.607,0.54],[24.624,0.454],[24.597,0.428],[24.54,0.415],[24.496,0.361],[24.494,0.347],[24.543,0.346],[24.638,0.406],[24.722,0.561],[24.864,0.489],[24.873,0.54],[25.038,0.556],[25.038,0.593],[25.007,0.628],[24.985,0.616],[24.899,0.983],[24.9,1.064],[24.302,1.09]],[[24.453,0.768],[24.465,0.81],[24.51,0.799],[24.514,0.766],[24.453,0.768]]]}},{"type":"Feature","properties":{"p":"CD5301"},"geometry":{"type":"Polygon","coordinates":[[[27.597,2.763],[27.634,2.728],[27.67,2.746],[27.678,2.776],[27.646,2.806],[27.606,2.795],[27.597,2.763]]]}},{"type":"Feature","properties":{"p":"CD7407"},"geometry":{"type":"Polygon","coordinates":[[[27.141,-5.801],[26.943,-5.7],[26.914,-5.659],[26.897,-5.783],[26.816,-5.815],[26.792,-5.716],[26.768,-5.791],[26.66,-5.85],[26.555,-5.866],[26.519,-5.853],[26.531,-5.785],[26.238,-5.8],[26.184,-5.762],[26.208,-5.838],[26.177,-5.871],[26.178,-5.933],[26.215,-5.98],[26.183,-6.015],[26.255,-6.036],[26.234,-6.068],[26.188,-6.085],[26.218,-6.154],[26.19,-6.213],[26.143,-6.243],[26.051,-6.418],[26.01,-6.436],[25.988,-6.424],[25.985,-6.463],[25.946,-6.461],[25.934,-6.602],[25.991,-6.614],[26.017,-6.654],[26.012,-6.683],[26.189,-6.642],[26.228,-6.613],[26.461,-6.583],[26.516,-6.606],[26.575,-6.679],[26.618,-6.649],[26.659,-6.537],[26.742,-6.471],[26.944,-6.431],[27.0,-6.452],[26.984,-6.452],[26.97,-6.64],[27.109,-6.623],[27.252,-6.643],[27.33,-6.629],[27.508,-6.71],[27.546,-6.621],[27.596,-6.604],[27.649,-6.551],[27.768,-6.559],[27.832,-6.54],[27.918,-6.556],[27.998,-6.502],[28.022,-6.509],[27.97,-6.441],[27.878,-6.438],[27.774,-6.206],[27.689,-6.114],[27.602,-6.113],[27.544,-6.137],[27.486,-6.1],[27.463,-6.124],[27.438,-6.035],[27.228,-6.019],[27.172,-5.991],[27.185,-5.874],[27.142,-5.841],[27.156,-5.823],[27.141,-5.801]]]}},{"type":"Feature","properties":{"p":"CD6309"},"geometry":{"type":"Polygon","coordinates":[[[27.838,-4.022],[27.767,-4.004],[27.577,-4.028],[27.552,-3.993],[27.464,-3.977],[27.452,-3.997],[27.387,-3.935],[27.189,-3.889],[27.144,-3.818],[27.061,-3.831],[27.025,-3.879],[27.018,-3.922],[26.925,-3.972],[26.903,-4.014],[27.009,-4.03],[27.022,-4.117],[27.008,-4.15],[27.022,-4.193],[27.062,-4.224],[27.04,-4.365],[27.057,-4.437],[27.045,-4.454],[26.992,-4.46],[26.977,-4.495],[26.929,-4.527],[26.959,-4.587],[26.909,-4.65],[26.91,-4.701],[26.937,-4.716],[26.972,-4.825],[26.932,-4.831],[26.914,-4.874],[26.968,-5.0],[27.602,-5.017],[28.804,-5.01],[28.777,-4.966],[28.755,-4.961],[28.768,-4.914],[28.69,-4.799],[28.684,-4.74],[28.607,-4.677],[28.553,-4.523],[28.553,-4.46],[28.503,-4.461],[28.481,-4.397],[28.402,-4.364],[28.379,-4.274],[28.358,-4.282],[28.243,-4.2],[28.19,-4.119],[28.175,-4.136],[28.178,-4.185],[28.15,-4.222],[28.118,-4.227],[28.051,-4.181],[28.018,-4.191],[28.017,-4.146],[28.036,-4.123],[27.967,-4.105],[27.941,-4.127],[27.865,-4.114],[27.822,-4.07],[27.838,-4.022]]]}},{"type":"Feature","properties":{"p":"CD6202"},"geometry":{"type":"Polygon","coordinates":[[[28.874,-2.46],[28.893,-2.382],[28.936,-2.372],[28.935,-2.395],[28.991,-2.344],[29.011,-2.304],[29.004,-2.271],[28.929,-2.158],[28.906,-2.162],[28.896,-2.143],[28.867,-2.163],[28.858,-2.144],[28.774,-2.147],[28.754,-2.126],[28.684,-2.212],[28.684,-2.24],[28.644,-2.296],[28.671,-2.375],[28.654,-2.422],[28.571,-2.485],[28.569,-2.46],[28.529,-2.466],[28.431,-2.433],[28.393,-2.393],[28.311,-2.377],[28.268,-2.425],[28.273,-2.517],[28.21,-2.512],[28.263,-2.58],[28.206,-2.645],[28.291,-2.607],[28.412,-2.696],[28.462,-2.699],[28.56,-2.631],[28.617,-2.551],[28.735,-2.543],[28.835,-2.582],[28.862,-2.632],[28.895,-2.653],[28.893,-2.561],[28.859,-2.561],[28.794,-2.511],[28.804,-2.471],[28.874,-2.46]]]}},{"type":"Feature","properties":{"p":"CD8207"},"geometry":{"type":"Polygon","coordinates":[[[23.141,-6.359],[23.158,-6.332],[23.161,-6.24],[23.189,-6.211],[23.217,-6.119],[23.203,-6.083],[23.231,-6.077],[23.234,-6.095],[23.251,-6.073],[23.238,-6.058],[23.261,-6.048],[23.25,-6.034],[23.286,-6.008],[23.291,-5.978],[23.338,-6.011],[23.357,-6.073],[23.432,-6.108],[23.481,-6.056],[23.405,-5.964],[23.419,-5.905],[23.399,-5.822],[23.413,-5.79],[23.381,-5.769],[23.426,-5.697],[23.282,-5.742],[23.086,-5.728],[23.078,-5.77],[22.98,-5.78],[22.952,-5.826],[22.988,-5.886],[22.949,-5.948],[22.976,-6.025],[22.956,-6.065],[23.01,-6.103],[23.009,-6.166],[23.083,-6.191],[23.054,-6.254],[23.071,-6.348],[23.141,-6.359]]]}},{"type":"Feature","properties":{"p":"CD8102"},"geometry":{"type":"Polygon","coordinates":[[[24.553,-5.345],[24.5,-5.393],[24.455,-5.378],[24.436,-5.342],[24.416,-5.378],[24.305,-5.41],[24.164,-5.372],[24.126,-5.372],[24.108,-5.422],[24.078,-5.416],[24.066,-5.385],[24.051,-5.407],[24.066,-5.592],[24.125,-5.613],[24.17,-5.66],[24.172,-5.718],[24.2,-5.776],[24.188,-5.799],[24.067,-5.798],[24.008,-5.831],[23.958,-5.816],[23.976,-5.939],[24.015,-5.952],[23.99,-6.026],[24.056,-6.036],[24.071,-6.057],[24.152,-6.062],[24.175,-6.103],[24.14,-6.129],[24.108,-6.193],[24.008,-6.217],[24.004,-6.296],[24.091,-6.355],[24.107,-6.344],[24.131,-6.374],[24.119,-6.426],[24.176,-6.49],[24.256,-6.475],[24.269,-6.45],[24.339,-6.462],[24.345,-6.505],[24.418,-6.604],[24.63,-6.582],[24.656,-6.696],[24.725,-6.67],[24.758,-6.699],[24.855,-6.709],[24.922,-6.694],[24.927,-6.71],[25.01,-6.698],[25.044,-6.656],[25.137,-6.692],[25.181,-6.673],[25.301,-6.767],[25.299,-6.805],[25.377,-6.787],[25.448,-6.724],[25.441,-6.689],[25.466,-6.612],[25.408,-6.545],[25.359,-6.534],[25.272,-6.442],[25.306,-6.416],[25.296,-6.328],[25.383,-6.299],[25.353,-6.274],[25.379,-6.234],[25.353,-6.197],[25.36,-6.052],[25.219,-6.116],[25.155,-6.119],[25.066,-6.079],[25.037,-6.034],[24.943,-6.061],[24.91,-5.991],[24.836,-5.981],[24.766,-5.937],[24.746,-5.741],[24.686,-5.7],[24.618,-5.602],[24.68,-5.551],[24.627,-5.496],[24.649,-5.404],[24.553,-5.345]]]}},{"type":"Feature","properties":{"p":"CD7304"},"geometry":{"type":"Polygon","coordinates":[[[26.025,-8.034],[26.031,-7.993],[26.004,-7.962],[26.016,-7.885],[25.996,-7.833],[26.035,-7.806],[26.025,-7.63],[26.068,-7.593],[26.104,-7.442],[26.206,-7.384],[26.318,-7.387],[26.344,-7.367],[26.407,-7.161],[26.469,-7.144],[26.486,-7.062],[26.419,-7.037],[26.363,-7.05],[26.298,-7.013],[26.279,-7.043],[26.235,-7.031],[26.213,-6.987],[26.217,-6.943],[26.102,-6.96],[26.113,-6.916],[26.041,-6.889],[26.076,-6.863],[26.095,-6.811],[26.135,-6.814],[26.134,-6.795],[26.091,-6.79],[26.085,-6.764],[26.037,-6.751],[26.032,-6.713],[26.006,-6.702],[26.017,-6.654],[25.984,-6.606],[25.934,-6.602],[25.93,-6.555],[25.948,-6.537],[25.946,-6.461],[25.985,-6.463],[25.988,-6.424],[26.01,-6.436],[26.051,-6.418],[26.116,-6.295],[26.072,-6.296],[26.055,-6.266],[26.028,-6.263],[26.016,-6.204],[25.986,-6.22],[25.971,-6.276],[25.939,-6.206],[25.829,-6.144],[25.803,-6.151],[25.814,-6.164],[25.797,-6.195],[25.709,-6.228],[25.671,-6.266],[25.561,-6.286],[25.537,-6.306],[25.504,-6.312],[25.487,-6.294],[25.428,-6.32],[25.383,-6.299],[25.296,-6.328],[25.306,-6.416],[25.272,-6.442],[25.282,-6.461],[25.368,-6.541],[25.408,-6.545],[25.466,-6.612],[25.441,-6.689],[25.448,-6.724],[25.377,-6.787],[25.299,-6.805],[25.301,-6.767],[25.195,-6.68],[25.137,-6.692],[25.034,-6.658],[25.01,-6.698],[24.944,-6.699],[24.927,-6.71],[24.932,-6.746],[24.876,-6.758],[24.841,-6.795],[24.847,-6.827],[24.781,-6.89],[24.749,-6.89],[24.698,-6.948],[24.644,-6.961],[24.653,-7.005],[24.609,-7.06],[24.593,-7.143],[24.619,-7.154],[24.662,-7.256],[24.767,-7.232],[24.787,-7.259],[24.767,-7.286],[24.788,-7.3],[24.787,-7.274],[24.853,-7.248],[24.942,-7.234],[24.998,-7.266],[25.122,-7.234],[25.112,-7.309],[25.044,-7.362],[25.064,-7.388],[25.061,-7.454],[25.131,-7.486],[25.112,-7.563],[25.154,-7.669],[25.232,-7.624],[25.33,-7.643],[25.381,-7.617],[25.397,-7.669],[25.453,-7.669],[25.607,-7.829],[25.777,-7.882],[25.823,-7.959],[25.945,-8.033],[26.025,-8.034]]]}},{"type":"Feature","properties":{"p":"CD3105"},"geometry":{"type":"Polygon","coordinates":[[[18.409,-6.891],[18.423,-6.982],[18.478,-7.035],[18.472,-7.054],[18.497,-7.087],[18.481,-7.116],[18.498,-7.185],[18.576,-7.286],[18.6,-7.355],[18.631,-7.355],[18.647,-7.376],[18.634,-7.422],[18.572,-7.509],[18.511,-7.474],[18.484,-7.512],[18.425,-7.535],[18.358,-7.514],[18.322,-7.569],[18.304,-7.697],[18.216,-7.741],[18.179,-7.81],[18.097,-7.815],[18.037,-7.79],[17.937,-7.842],[17.912,-7.885],[17.923,-7.951],[17.891,-7.987],[17.885,-8.079],[17.94,-8.082],[17.982,-8.113],[18.0,-8.098],[18.1,-8.099],[18.098,-8.04],[18.217,-7.989],[18.294,-7.988],[18.304,-8.014],[18.376,-8.027],[18.398,-8.013],[18.391,-8.0],[18.527,-8.0],[18.558,-7.934],[18.78,-7.922],[18.778,-7.964],[18.8,-8.0],[19.436,-7.999],[19.437,-7.958],[19.357,-7.928],[19.343,-7.902],[19.409,-7.701],[19.369,-7.583],[19.381,-7.569],[19.474,-7.567],[19.494,-7.533],[19.486,-7.503],[19.55,-7.472],[19.494,-7.368],[19.487,-7.313],[19.508,-7.137],[19.563,-7.058],[19.544,-6.999],[19.956,-6.999],[19.97,-6.982],[19.931,-6.858],[19.71,-6.581],[19.705,-6.447],[19.72,-6.426],[19.696,-6.346],[19.635,-6.358],[19.552,-6.34],[19.445,-6.282],[19.391,-6.383],[19.33,-6.384],[19.342,-6.463],[19.32,-6.588],[19.274,-6.703],[19.282,-6.752],[19.229,-6.762],[19.111,-6.898],[18.981,-6.92],[18.941,-6.812],[18.921,-6.787],[18.879,-6.787],[18.871,-6.752],[18.848,-6.794],[18.79,-6.805],[18.754,-6.784],[18.717,-6.822],[18.709,-6.801],[18.731,-6.759],[18.683,-6.716],[18.598,-6.739],[18.548,-6.784],[18.54,-6.82],[18.519,-6.789],[18.421,-6.811],[18.444,-6.866],[18.43,-6.891],[18.409,-6.891]]]}},{"type":"Feature","properties":{"p":"CD6302"},"geometry":{"type":"Polygon","coordinates":[[[26.857,-2.331],[26.872,-2.137],[26.822,-2.103],[26.826,-2.065],[26.805,-2.027],[26.754,-2.005],[26.668,-2.009],[26.603,-2.042],[26.592,-2.05],[26.628,-2.075],[26.614,-2.106],[26.552,-2.075],[26.545,-2.119],[26.495,-2.157],[26.444,-2.146],[26.441,-2.093],[26.356,-2.014],[26.203,-2.013],[26.128,-2.049],[25.927,-1.973],[25.819,-2.025],[25.809,-2.007],[25.907,-1.934],[25.904,-1.809],[25.885,-1.778],[25.852,-1.766],[25.843,-1.833],[25.79,-1.842],[25.76,-1.818],[25.713,-1.825],[25.657,-1.892],[25.496,-1.964],[25.423,-2.055],[25.24,-2.112],[25.232,-2.076],[25.176,-2.078],[25.179,-2.051],[25.209,-2.028],[25.188,-1.98],[24.598,-1.981],[24.609,-2.065],[24.681,-2.19],[24.694,-2.363],[24.926,-2.372],[24.932,-2.398],[24.989,-2.421],[25.048,-2.412],[24.999,-2.472],[25.047,-2.496],[25.002,-2.545],[25.047,-2.595],[25.074,-2.601],[25.112,-2.774],[25.007,-3.024],[25.037,-3.066],[25.001,-3.074],[25.021,-3.093],[25.008,-3.121],[25.023,-3.139],[25.0,-3.153],[24.995,-3.189],[24.966,-3.195],[24.959,-3.234],[24.982,-3.233],[25.076,-3.3],[25.126,-3.233],[25.378,-3.26],[25.409,-3.2],[25.486,-3.225],[25.579,-3.214],[25.646,-3.259],[25.638,-3.268],[25.675,-3.268],[25.771,-3.224],[25.784,-3.202],[25.767,-3.19],[25.773,-3.165],[25.85,-3.166],[25.868,-3.177],[25.858,-3.336],[25.88,-3.353],[25.935,-3.193],[26.125,-3.16],[26.059,-2.958],[26.17,-2.83],[26.199,-2.849],[26.219,-2.835],[26.23,-2.729],[26.405,-2.624],[26.488,-2.604],[26.5,-2.494],[26.535,-2.453],[26.611,-2.436],[26.604,-2.467],[26.622,-2.488],[26.657,-2.448],[26.669,-2.374],[26.709,-2.366],[26.748,-2.331],[26.769,-2.352],[26.857,-2.331]],[[25.905,-3.042],[25.855,-3.018],[25.864,-2.912],[25.931,-2.908],[25.974,-2.926],[25.966,-3.008],[25.912,-3.023],[25.905,-3.042]]]}},{"type":"Feature","properties":{"p":"CD6205"},"geometry":{"type":"Polygon","coordinates":[[[29.142,-1.643],[29.05,-1.584],[29.022,-1.621],[29.018,-1.675],[28.969,-1.742],[28.917,-1.742],[28.863,-1.707],[28.817,-1.767],[28.749,-1.782],[28.716,-1.78],[28.668,-1.74],[28.669,-1.794],[28.7,-1.829],[28.641,-1.891],[28.606,-1.881],[28.559,-1.905],[28.45,-1.865],[28.451,-1.893],[28.354,-1.94],[28.377,-1.961],[28.374,-1.993],[28.327,-1.976],[28.155,-2.001],[28.184,-2.136],[28.239,-2.201],[28.292,-2.209],[28.263,-2.275],[28.309,-2.282],[28.335,-2.383],[28.393,-2.393],[28.431,-2.433],[28.529,-2.466],[28.569,-2.46],[28.571,-2.485],[28.654,-2.422],[28.671,-2.375],[28.644,-2.296],[28.743,-2.131],[28.774,-2.147],[28.858,-2.144],[28.867,-2.163],[28.883,-2.143],[28.929,-2.158],[28.995,-2.064],[29.142,-1.643]]]}},{"type":"Feature","properties":{"p":"CD7402"},"geometry":{"type":"Polygon","coordinates":[[[29.372,-5.008],[28.407,-5.02],[28.456,-5.079],[28.384,-5.154],[28.392,-5.179],[28.451,-5.205],[28.544,-5.21],[28.562,-5.265],[28.52,-5.314],[28.614,-5.316],[28.603,-5.353],[28.508,-5.437],[28.458,-5.524],[28.499,-5.585],[28.492,-5.628],[28.608,-5.803],[28.443,-5.783],[28.351,-5.733],[28.301,-5.756],[28.217,-5.692],[28.19,-5.632],[28.032,-5.672],[28.096,-5.735],[28.065,-5.766],[28.151,-5.864],[28.111,-6.012],[28.261,-6.119],[28.314,-6.11],[28.398,-6.126],[28.286,-6.233],[28.31,-6.298],[28.287,-6.378],[28.377,-6.388],[28.397,-6.414],[28.395,-6.451],[28.343,-6.512],[28.346,-6.558],[28.393,-6.553],[28.511,-6.589],[28.572,-6.561],[28.687,-6.575],[28.647,-6.663],[28.582,-6.721],[28.564,-6.902],[28.581,-6.936],[28.625,-6.933],[28.619,-7.002],[28.67,-7.133],[28.752,-7.095],[28.786,-7.112],[28.899,-7.101],[28.933,-7.121],[28.939,-7.022],[28.974,-6.99],[28.935,-6.908],[29.078,-6.949],[29.117,-6.894],[29.131,-6.834],[29.206,-6.747],[29.296,-6.703],[29.373,-6.565],[29.421,-6.523],[29.478,-6.522],[29.54,-6.468],[29.655,-6.413],[29.595,-6.252],[29.579,-6.147],[29.578,-5.963],[29.607,-5.778],[29.599,-5.664],[29.53,-5.415],[29.372,-5.008]]]}},{"type":"Feature","properties":{"p":"CD6308"},"geometry":{"type":"Polygon","coordinates":[[[26.498,-2.583],[26.587,-2.56],[26.617,-2.525],[26.611,-2.436],[26.535,-2.453],[26.501,-2.491],[26.498,-2.583]]]}},{"type":"Feature","properties":{"p":"CD7105"},"geometry":{"type":"Polygon","coordinates":[[[27.073,-10.563],[26.98,-10.558],[26.939,-10.607],[26.918,-10.517],[26.814,-10.464],[26.496,-10.475],[26.454,-10.502],[26.516,-10.561],[26.52,-10.586],[26.566,-10.6],[26.51,-10.678],[26.606,-10.74],[26.562,-10.812],[26.566,-10.882],[26.55,-10.898],[26.419,-10.918],[26.349,-11.032],[26.36,-11.229],[26.31,-11.209],[26.331,-11.061],[26.273,-10.993],[26.265,-10.952],[26.234,-10.937],[26.215,-10.884],[26.167,-10.883],[26.123,-10.948],[26.065,-10.979],[25.947,-10.952],[25.877,-11.016],[25.849,-11.097],[25.794,-11.133],[25.791,-11.204],[25.815,-11.261],[25.757,-11.339],[25.758,-11.4],[25.781,-11.407],[25.775,-11.458],[25.735,-11.478],[25.729,-11.523],[25.688,-11.554],[25.674,-11.632],[25.608,-11.653],[25.545,-11.733],[25.497,-11.726],[25.488,-11.779],[25.65,-11.729],[25.719,-11.816],[25.824,-11.828],[25.88,-11.8],[25.919,-11.875],[25.987,-11.898],[25.99,-11.941],[26.212,-11.928],[26.33,-11.966],[26.444,-11.915],[26.559,-11.979],[26.598,-11.971],[26.708,-12.009],[26.775,-11.963],[26.828,-11.993],[26.884,-11.985],[27.008,-11.847],[27.008,-11.767],[27.049,-11.699],[27.025,-11.652],[27.028,-11.611],[27.157,-11.6],[27.206,-11.568],[27.205,-11.519],[27.256,-11.437],[27.301,-11.412],[27.377,-11.297],[27.484,-11.244],[27.522,-11.25],[27.541,-11.227],[27.413,-11.008],[27.333,-10.973],[27.308,-10.922],[27.297,-10.838],[27.332,-10.771],[27.289,-10.739],[27.284,-10.705],[27.366,-10.691],[27.386,-10.634],[27.319,-10.623],[27.305,-10.605],[27.331,-10.588],[27.32,-10.554],[27.196,-10.608],[27.073,-10.563]],[[26.672,-10.88],[26.703,-10.913],[26.752,-10.914],[26.76,-10.944],[26.816,-10.945],[26.88,-10.997],[26.88,-11.023],[26.827,-11.018],[26.792,-11.045],[26.774,-11.031],[26.689,-11.038],[26.631,-10.966],[26.672,-10.88]]]}},{"type":"Feature","properties":{"p":"CD8105"},"geometry":{"type":"Polygon","coordinates":[[[23.277,-6.915],[23.308,-6.862],[23.291,-6.842],[23.315,-6.8],[23.338,-6.802],[23.312,-6.765],[23.403,-6.716],[23.412,-6.672],[23.441,-6.647],[23.417,-6.585],[23.443,-6.533],[23.322,-6.536],[23.256,-6.588],[23.18,-6.607],[23.168,-6.504],[23.14,-6.458],[23.058,-6.71],[23.021,-6.77],[23.085,-6.849],[23.149,-6.861],[23.183,-6.906],[23.277,-6.915]]]}},{"type":"Feature","properties":{"p":"CD7302"},"geometry":{"type":"Polygon","coordinates":[[[25.934,-8.019],[25.823,-7.959],[25.777,-7.882],[25.607,-7.829],[25.453,-7.669],[25.397,-7.669],[25.381,-7.617],[25.33,-7.643],[25.232,-7.624],[25.172,-7.672],[25.147,-7.662],[25.112,-7.563],[25.131,-7.486],[25.061,-7.454],[25.064,-7.388],[25.044,-7.362],[25.112,-7.309],[25.122,-7.234],[24.998,-7.266],[24.942,-7.234],[24.853,-7.248],[24.787,-7.274],[24.788,-7.3],[24.767,-7.286],[24.787,-7.259],[24.767,-7.232],[24.662,-7.256],[24.619,-7.154],[24.582,-7.142],[24.551,-7.213],[24.601,-7.265],[24.591,-7.336],[24.613,-7.373],[24.588,-7.495],[24.608,-7.517],[24.586,-7.542],[24.643,-7.57],[24.666,-7.707],[24.645,-7.721],[24.605,-7.832],[24.568,-7.836],[24.51,-7.909],[24.488,-8.044],[24.455,-8.085],[24.466,-8.129],[24.412,-8.208],[24.343,-8.511],[24.32,-8.526],[24.277,-8.489],[24.252,-8.491],[24.202,-8.42],[24.18,-8.46],[24.148,-8.464],[24.071,-8.548],[24.056,-8.539],[24.037,-8.609],[24.082,-8.633],[24.1,-8.678],[24.008,-8.768],[23.973,-8.778],[23.996,-8.82],[24.106,-8.903],[24.098,-8.938],[24.212,-8.955],[24.246,-8.976],[24.267,-9.045],[24.324,-9.113],[24.474,-9.203],[24.497,-9.243],[24.554,-9.257],[24.573,-9.291],[24.411,-9.303],[24.378,-9.28],[24.3,-9.27],[24.251,-9.285],[24.215,-9.321],[24.186,-9.304],[24.148,-9.339],[24.136,-9.359],[24.163,-9.459],[24.121,-9.576],[24.132,-9.643],[24.11,-9.719],[24.013,-9.836],[24.028,-9.841],[24.026,-9.892],[24.105,-9.914],[24.085,-9.956],[24.095,-10.003],[24.164,-10.014],[24.227,-9.993],[24.264,-10.006],[24.292,-10.045],[24.325,-9.992],[24.36,-9.983],[24.415,-10.108],[24.415,-10.06],[24.463,-9.982],[24.542,-10.044],[24.576,-10.098],[24.625,-10.064],[24.693,-10.051],[24.712,-9.993],[24.752,-10.06],[24.815,-10.083],[24.844,-10.06],[24.843,-10.024],[24.888,-10.063],[24.916,-10.121],[24.943,-10.128],[25.072,-10.05],[24.983,-10.038],[24.983,-10.016],[25.025,-10.013],[25.085,-9.975],[25.128,-9.98],[25.169,-9.921],[25.407,-9.823],[25.488,-9.824],[25.542,-9.794],[25.548,-9.742],[25.519,-9.707],[25.546,-9.697],[25.524,-9.694],[25.522,-9.657],[25.487,-9.636],[25.521,-9.64],[25.49,-9.551],[25.516,-9.467],[25.506,-9.447],[25.535,-9.411],[25.52,-9.385],[25.554,-9.349],[25.541,-9.333],[25.555,-9.287],[25.537,-9.291],[25.577,-9.204],[25.625,-9.226],[25.659,-9.182],[25.567,-9.082],[25.569,-9.01],[25.537,-8.965],[25.517,-8.852],[25.479,-8.814],[25.495,-8.769],[25.478,-8.734],[25.482,-8.719],[25.572,-8.721],[25.564,-8.644],[25.67,-8.618],[25.716,-8.495],[25.676,-8.348],[25.811,-8.307],[25.851,-8.275],[25.847,-8.221],[25.883,-8.161],[25.851,-8.131],[25.854,-8.099],[25.862,-8.079],[25.916,-8.058],[25.934,-8.019]]]}},{"type":"Feature","properties":{"p":"CD6213"},"geometry":{"type":"Polygon","coordinates":[[[28.182,-3.049],[28.178,-3.072],[28.203,-3.078],[28.207,-3.049],[28.182,-3.049]]]}},{"type":"Feature","properties":{"p":"CD9202"},"geometry":{"type":"Polygon","coordinates":[[[19.688,-6.337],[19.72,-6.426],[19.705,-6.447],[19.71,-6.581],[19.931,-6.858],[19.97,-6.982],[19.958,-7.012],[20.297,-7.01],[20.315,-6.928],[20.547,-6.919],[20.622,-6.932],[20.62,-6.975],[20.586,-7.017],[20.545,-7.141],[20.543,-7.299],[21.339,-7.293],[21.39,-7.273],[21.487,-7.287],[21.78,-7.275],[21.788,-7.261],[21.714,-7.196],[21.702,-7.136],[21.664,-7.117],[21.654,-7.07],[21.59,-7.036],[21.488,-6.898],[21.4,-6.836],[21.522,-6.763],[21.599,-6.758],[21.604,-6.738],[21.582,-6.717],[21.62,-6.726],[21.613,-6.68],[21.713,-6.658],[21.635,-6.598],[21.608,-6.539],[21.548,-6.577],[21.569,-6.527],[21.54,-6.486],[21.606,-6.472],[21.621,-6.357],[21.588,-6.247],[21.588,-6.139],[21.456,-6.127],[21.391,-6.089],[21.354,-6.113],[21.275,-6.09],[21.213,-6.107],[21.127,-6.002],[20.986,-5.894],[20.965,-5.828],[20.902,-5.802],[20.86,-5.744],[20.834,-5.734],[20.786,-5.764],[20.764,-5.752],[20.62,-5.898],[20.54,-5.842],[20.355,-5.904],[20.316,-5.895],[20.31,-5.864],[20.253,-5.809],[20.124,-5.788],[20.109,-5.837],[20.051,-5.859],[20.0,-5.967],[19.9,-6.01],[19.886,-5.996],[19.706,-6.145],[19.68,-6.224],[19.696,-6.24],[19.688,-6.337]],[[20.813,-6.456],[20.781,-6.447],[20.767,-6.414],[20.798,-6.379],[20.839,-6.372],[20.861,-6.386],[20.865,-6.436],[20.813,-6.456]]]}},{"type":"Feature","properties":{"p":"CD9101"},"geometry":{"type":"Polygon","coordinates":[[[22.247,-5.854],[22.341,-5.93],[22.397,-6.031],[22.449,-5.999],[22.526,-6.002],[22.585,-6.044],[22.602,-6.029],[22.574,-5.981],[22.593,-5.95],[22.592,-5.847],[22.673,-5.827],[22.684,-5.809],[22.637,-5.748],[22.566,-5.819],[22.497,-5.825],[22.482,-5.778],[22.445,-5.79],[22.432,-5.771],[22.402,-5.807],[22.262,-5.836],[22.247,-5.854]]]}},{"type":"Feature","properties":{"p":"CD7303"},"geometry":{"type":"Polygon","coordinates":[[[24.644,-6.98],[24.554,-7.013],[24.524,-6.988],[24.505,-7.044],[24.483,-7.054],[24.345,-7.059],[24.266,-7.017],[24.226,-7.017],[24.217,-6.95],[24.187,-6.911],[24.151,-6.901],[24.157,-6.932],[24.122,-6.947],[24.152,-6.985],[24.131,-7.003],[24.148,-7.017],[24.141,-7.051],[24.113,-7.072],[24.067,-7.068],[24.014,-7.163],[23.961,-7.21],[23.986,-7.262],[23.962,-7.327],[24.01,-7.37],[23.979,-7.385],[23.964,-7.472],[23.921,-7.566],[23.936,-7.595],[23.92,-7.718],[23.96,-7.8],[23.955,-7.833],[23.824,-7.887],[23.821,-7.954],[23.812,-7.958],[23.801,-7.866],[23.756,-7.824],[23.691,-7.945],[23.691,-8.0],[23.668,-8.049],[23.701,-8.136],[23.684,-8.192],[23.701,-8.276],[23.67,-8.429],[23.64,-8.482],[23.651,-8.535],[23.688,-8.569],[23.696,-8.705],[23.729,-8.781],[23.748,-8.767],[23.911,-8.79],[23.935,-8.77],[24.008,-8.768],[24.1,-8.678],[24.082,-8.633],[24.037,-8.609],[24.056,-8.539],[24.071,-8.548],[24.148,-8.464],[24.18,-8.46],[24.202,-8.42],[24.252,-8.491],[24.277,-8.489],[24.32,-8.526],[24.343,-8.511],[24.412,-8.208],[24.466,-8.129],[24.455,-8.085],[24.488,-8.044],[24.51,-7.909],[24.568,-7.836],[24.605,-7.832],[24.645,-7.721],[24.666,-7.707],[24.643,-7.57],[24.586,-7.542],[24.608,-7.517],[24.588,-7.495],[24.613,-7.373],[24.591,-7.336],[24.601,-7.265],[24.551,-7.213],[24.611,-7.097],[24.609,-7.06],[24.653,-7.005],[24.644,-6.98]]]}},{"type":"Feature","properties":{"p":"CD7403"},"geometry":{"type":"Polygon","coordinates":[[[29.799,-7.052],[29.786,-7.029],[29.754,-7.044],[29.769,-7.064],[29.799,-7.052]]]}},{"type":"Feature","properties":{"p":"CD7207"},"geometry":{"type":"Polygon","coordinates":[[[23.688,-7.968],[23.626,-7.967],[23.584,-7.937],[23.497,-7.98],[23.442,-7.944],[23.31,-7.944],[23.268,-7.976],[23.21,-7.957],[23.171,-7.875],[23.189,-7.842],[23.185,-7.769],[23.151,-7.777],[23.084,-7.875],[22.984,-7.865],[22.941,-7.888],[22.817,-7.823],[22.766,-7.818],[22.661,-7.896],[22.677,-7.855],[22.647,-7.823],[22.652,-7.775],[22.609,-7.733],[22.554,-7.765],[22.497,-7.845],[22.421,-7.804],[22.291,-7.871],[22.165,-7.881],[22.024,-7.675],[22.002,-7.672],[21.97,-7.703],[21.839,-7.664],[21.829,-7.637],[21.768,-7.777],[21.771,-7.894],[21.745,-7.933],[21.759,-7.994],[21.89,-8.182],[21.879,-8.198],[21.898,-8.294],[21.935,-8.32],[21.924,-8.397],[21.958,-8.503],[21.923,-8.596],[21.936,-8.609],[21.913,-8.637],[21.917,-8.668],[22.026,-8.684],[22.049,-8.669],[22.089,-8.782],[22.148,-8.8],[22.21,-8.878],[22.271,-8.904],[22.274,-8.859],[22.3,-8.842],[22.353,-8.952],[22.389,-8.952],[22.489,-9.035],[22.566,-9.033],[22.583,-8.995],[22.648,-8.967],[22.681,-8.982],[22.811,-8.975],[22.848,-9.01],[22.953,-9.021],[22.98,-9.008],[23.016,-9.042],[23.025,-8.99],[23.097,-9.017],[23.136,-8.984],[23.265,-9.002],[23.269,-9.08],[23.245,-9.168],[23.3,-9.256],[23.321,-9.341],[23.416,-9.309],[23.425,-9.16],[23.405,-9.11],[23.454,-9.058],[23.51,-9.04],[23.536,-9.101],[23.575,-9.072],[23.6,-9.105],[23.702,-9.111],[23.654,-8.986],[23.654,-8.891],[23.729,-8.781],[23.696,-8.705],[23.688,-8.569],[23.651,-8.535],[23.64,-8.482],[23.67,-8.429],[23.701,-8.276],[23.684,-8.192],[23.701,-8.136],[23.668,-8.049],[23.688,-7.968]]]}},{"type":"Feature","properties":{"p":"CD7204"},"geometry":{"type":"Polygon","coordinates":[[[23.465,-10.345],[23.441,-10.349],[23.439,-10.372],[23.465,-10.375],[23.465,-10.345]]]}},{"type":"Feature","properties":{"p":"CD2015"},"geometry":{"type":"Polygon","coordinates":[[[15.833,-5.025],[15.754,-5.018],[15.744,-4.97],[15.616,-4.878],[15.625,-4.819],[15.684,-4.807],[15.71,-4.776],[15.751,-4.647],[15.667,-4.569],[15.647,-4.604],[15.551,-4.604],[15.525,-4.588],[15.477,-4.608],[15.422,-4.544],[15.403,-4.56],[15.39,-4.625],[15.334,-4.647],[15.314,-4.625],[15.246,-4.616],[15.207,-4.567],[15.175,-4.559],[15.172,-4.473],[15.131,-4.445],[15.105,-4.495],[14.913,-4.681],[14.876,-4.756],[14.982,-4.854],[15.013,-4.915],[15.244,-4.956],[15.263,-4.978],[15.319,-4.961],[15.348,-4.997],[15.363,-4.945],[15.456,-4.896],[15.544,-4.875],[15.528,-4.935],[15.564,-4.965],[15.533,-5.004],[15.533,-5.046],[15.607,-5.05],[15.607,-5.103],[15.587,-5.127],[15.619,-5.158],[15.699,-5.164],[15.724,-5.134],[15.741,-5.042],[15.804,-5.048],[15.833,-5.025]]]}},{"type":"Feature","properties":{"p":"CD7107"},"geometry":{"type":"Polygon","coordinates":[[[27.541,-11.227],[27.579,-11.255],[27.7,-11.271],[27.725,-11.306],[27.83,-11.258],[27.896,-11.29],[27.923,-11.262],[28.009,-11.296],[28.022,-11.223],[28.122,-11.25],[28.126,-11.312],[28.154,-11.362],[28.177,-11.368],[28.243,-11.275],[28.291,-11.261],[28.314,-11.194],[28.4,-11.084],[28.35,-11.034],[28.416,-11.013],[28.448,-11.024],[28.477,-10.979],[28.541,-10.947],[28.558,-10.834],[28.62,-10.741],[28.661,-10.731],[28.693,-10.675],[28.693,-10.647],[28.664,-10.61],[28.671,-10.561],[28.634,-10.518],[28.643,-10.45],[28.622,-10.376],[28.636,-10.313],[28.577,-10.231],[28.622,-10.157],[28.697,-9.806],[28.631,-9.514],[28.579,-9.414],[28.575,-9.433],[28.54,-9.433],[28.545,-9.449],[28.516,-9.445],[28.533,-9.407],[28.52,-9.382],[28.504,-9.388],[28.503,-9.363],[28.498,-9.457],[28.478,-9.464],[28.526,-9.458],[28.535,-9.504],[28.569,-9.497],[28.564,-9.519],[28.549,-9.506],[28.528,-9.514],[28.558,-9.52],[28.547,-9.586],[28.524,-9.591],[28.531,-9.572],[28.508,-9.556],[28.539,-9.548],[28.538,-9.529],[28.437,-9.525],[28.411,-9.631],[28.372,-9.625],[28.284,-9.668],[28.264,-9.662],[28.268,-9.636],[28.122,-9.636],[28.15,-9.693],[28.09,-9.693],[28.073,-9.773],[28.001,-9.698],[27.961,-9.702],[27.924,-9.736],[27.857,-9.632],[27.844,-9.636],[27.792,-9.692],[27.781,-9.754],[27.759,-9.758],[27.807,-9.822],[27.808,-9.89],[27.729,-10.098],[27.644,-10.104],[27.598,-10.15],[27.528,-10.102],[27.573,-10.025],[27.556,-9.993],[27.479,-9.973],[27.337,-9.989],[27.293,-10.005],[27.229,-10.064],[27.048,-10.098],[26.981,-10.211],[27.015,-10.26],[27.106,-10.321],[27.188,-10.43],[27.073,-10.563],[27.196,-10.608],[27.32,-10.554],[27.331,-10.588],[27.305,-10.605],[27.319,-10.623],[27.386,-10.634],[27.366,-10.691],[27.284,-10.705],[27.289,-10.739],[27.332,-10.771],[27.297,-10.838],[27.308,-10.922],[27.333,-10.973],[27.413,-11.008],[27.541,-11.227]]]}},{"type":"Feature","properties":{"p":"CD6311"},"geometry":{"type":"Polygon","coordinates":[[[27.141,-3.82],[27.088,-3.714],[26.992,-3.705],[26.949,-3.728],[26.871,-3.727],[26.732,-3.632],[26.634,-3.611],[26.598,-3.641],[26.566,-3.753],[26.494,-3.864],[26.504,-3.911],[26.475,-3.908],[26.452,-3.934],[26.382,-3.933],[26.356,-3.885],[26.371,-3.867],[26.326,-3.797],[26.234,-3.784],[26.165,-3.8],[26.159,-3.624],[26.082,-3.645],[26.058,-3.632],[26.018,-3.386],[25.971,-3.38],[25.942,-3.401],[25.88,-3.353],[25.893,-3.464],[25.939,-3.546],[26.003,-3.608],[26.046,-3.722],[25.976,-4.043],[26.074,-4.164],[26.086,-4.242],[26.112,-4.257],[26.065,-4.294],[26.07,-4.31],[26.045,-4.329],[26.056,-4.339],[26.006,-4.369],[26.018,-4.381],[25.986,-4.396],[26.021,-4.426],[26.005,-4.444],[26.013,-4.462],[26.041,-4.453],[26.05,-4.474],[25.995,-4.505],[25.735,-4.828],[25.827,-4.896],[25.722,-4.951],[25.671,-4.919],[25.659,-4.999],[26.968,-5.0],[26.914,-4.874],[26.932,-4.831],[26.972,-4.825],[26.937,-4.716],[26.91,-4.701],[26.909,-4.65],[26.959,-4.587],[26.929,-4.527],[26.977,-4.495],[26.992,-4.46],[27.045,-4.454],[27.057,-4.437],[27.04,-4.365],[27.062,-4.224],[27.022,-4.193],[27.008,-4.15],[27.022,-4.117],[27.009,-4.03],[26.9,-4.009],[26.941,-3.953],[27.018,-3.922],[27.025,-3.879],[27.061,-3.831],[27.141,-3.82]]]}},{"type":"Feature","properties":{"p":"CD3107"},"geometry":{"type":"Polygon","coordinates":[[[17.351,-5.95],[17.289,-5.974],[17.235,-5.925],[17.185,-5.929],[17.132,-5.892],[17.111,-5.927],[17.121,-5.961],[17.158,-5.97],[17.155,-6.013],[17.18,-6.014],[17.173,-6.031],[17.19,-6.042],[17.111,-6.107],[16.999,-6.073],[16.919,-6.126],[16.813,-6.088],[16.755,-6.087],[16.689,-6.139],[16.731,-6.194],[16.71,-6.236],[16.725,-6.344],[16.716,-6.361],[16.69,-6.356],[16.703,-6.377],[16.691,-6.406],[16.732,-6.425],[16.711,-6.446],[16.736,-6.48],[16.725,-6.496],[16.761,-6.524],[16.749,-6.573],[16.773,-6.596],[16.8,-6.703],[16.829,-6.72],[16.833,-6.766],[16.872,-6.805],[16.88,-6.851],[16.94,-6.875],[16.939,-6.966],[16.973,-6.986],[16.983,-7.023],[16.964,-7.079],[16.929,-7.069],[16.97,-7.17],[16.954,-7.203],[16.989,-7.231],[17.006,-7.3],[17.112,-7.354],[17.11,-7.423],[17.133,-7.425],[17.145,-7.406],[17.185,-7.432],[17.156,-7.475],[17.2,-7.499],[17.221,-7.578],[17.306,-7.637],[17.291,-7.69],[17.331,-7.717],[17.321,-7.759],[17.385,-7.789],[17.387,-7.821],[17.408,-7.82],[17.403,-7.842],[17.428,-7.838],[17.425,-7.87],[17.453,-7.879],[17.442,-7.927],[17.468,-7.96],[17.488,-7.951],[17.484,-8.0],[17.533,-8.044],[17.505,-8.083],[17.56,-8.127],[17.721,-8.097],[17.797,-8.111],[17.885,-8.079],[17.891,-7.987],[17.923,-7.951],[17.912,-7.885],[17.937,-7.842],[18.037,-7.79],[18.097,-7.815],[18.179,-7.81],[18.216,-7.741],[18.304,-7.697],[18.322,-7.569],[18.358,-7.514],[18.425,-7.535],[18.484,-7.512],[18.511,-7.474],[18.572,-7.509],[18.647,-7.376],[18.631,-7.355],[18.6,-7.355],[18.576,-7.286],[18.508,-7.207],[18.481,-7.116],[18.497,-7.087],[18.472,-7.054],[18.478,-7.035],[18.423,-6.982],[18.41,-6.894],[18.386,-6.861],[18.369,-6.848],[18.333,-6.881],[18.269,-6.859],[18.261,-6.884],[18.197,-6.863],[18.228,-6.983],[18.19,-6.9],[18.109,-6.833],[18.104,-6.799],[18.047,-6.722],[18.041,-6.672],[18.073,-6.617],[18.018,-6.634],[18.001,-6.576],[17.97,-6.576],[17.971,-6.546],[17.926,-6.528],[17.916,-6.549],[17.883,-6.546],[17.781,-6.621],[17.688,-6.539],[17.653,-6.542],[17.696,-6.512],[17.684,-6.482],[17.616,-6.506],[17.584,-6.492],[17.564,-6.387],[17.521,-6.296],[17.464,-6.229],[17.435,-6.089],[17.351,-5.95]]]}},{"type":"Feature","properties":{"p":"CD8308"},"geometry":{"type":"Polygon","coordinates":[[[24.694,-2.363],[24.364,-2.458],[24.274,-2.544],[24.018,-2.671],[23.944,-2.73],[23.826,-2.722],[23.713,-2.667],[23.556,-2.667],[23.599,-2.735],[23.548,-2.81],[23.525,-2.956],[23.92,-3.355],[23.98,-3.506],[23.921,-3.533],[23.971,-3.676],[23.941,-3.72],[23.958,-3.772],[23.928,-3.833],[23.93,-3.912],[23.744,-4.19],[23.734,-4.213],[23.753,-4.223],[23.994,-4.295],[24.122,-4.122],[24.152,-4.136],[24.209,-4.014],[24.25,-4.024],[24.288,-3.971],[24.315,-3.967],[24.425,-3.995],[24.402,-4.188],[24.52,-4.192],[24.548,-4.215],[24.567,-4.381],[24.669,-4.353],[24.704,-4.384],[24.833,-4.274],[25.008,-4.241],[25.002,-4.183],[25.016,-4.172],[24.986,-4.157],[25.002,-4.125],[24.973,-4.102],[24.98,-4.048],[24.949,-4.03],[24.921,-4.044],[24.896,-4.009],[24.906,-3.977],[24.854,-3.94],[24.854,-3.907],[24.83,-3.917],[24.803,-3.876],[24.82,-3.854],[24.767,-3.838],[24.781,-3.831],[24.743,-3.811],[24.731,-3.781],[24.762,-3.755],[24.752,-3.741],[24.778,-3.708],[24.797,-3.711],[24.807,-3.666],[24.786,-3.656],[24.798,-3.644],[24.779,-3.624],[24.784,-3.594],[24.767,-3.591],[24.774,-3.546],[24.791,-3.552],[24.808,-3.533],[24.774,-3.476],[24.831,-3.454],[24.868,-3.378],[24.903,-3.371],[24.918,-3.3],[24.898,-3.293],[24.902,-3.274],[24.96,-3.268],[24.966,-3.195],[24.995,-3.189],[25.0,-3.153],[25.023,-3.139],[25.008,-3.121],[25.021,-3.093],[25.001,-3.074],[25.037,-3.066],[25.007,-3.024],[25.112,-2.774],[25.074,-2.601],[25.047,-2.595],[25.002,-2.545],[25.047,-2.496],[24.999,-2.472],[25.048,-2.412],[24.989,-2.421],[24.932,-2.398],[24.926,-2.372],[24.694,-2.363]]]}},{"type":"Feature","properties":{"p":"CD8209"},"geometry":{"type":"Polygon","coordinates":[[[23.958,-5.816],[23.9,-5.849],[23.881,-5.804],[23.827,-5.8],[23.848,-5.748],[23.833,-5.742],[23.766,-5.78],[23.721,-5.764],[23.692,-5.842],[23.75,-5.897],[23.749,-5.945],[23.767,-5.963],[23.737,-5.995],[23.747,-6.031],[23.708,-6.031],[23.696,-6.1],[23.668,-6.099],[23.682,-6.118],[23.639,-6.137],[23.687,-6.158],[23.712,-6.2],[23.84,-6.244],[23.802,-6.298],[23.843,-6.341],[23.847,-6.383],[23.905,-6.387],[23.94,-6.412],[24.088,-6.36],[24.004,-6.296],[24.008,-6.217],[24.108,-6.193],[24.14,-6.129],[24.175,-6.103],[24.152,-6.062],[24.071,-6.057],[24.056,-6.036],[23.99,-6.026],[24.015,-5.952],[23.976,-5.939],[23.958,-5.816]]]}},{"type":"Feature","properties":{"p":"CD9105"},"geometry":{"type":"Polygon","coordinates":[[[21.962,-5.736],[21.878,-5.815],[21.87,-5.861],[21.822,-5.864],[21.756,-5.803],[21.75,-5.77],[21.737,-5.774],[21.698,-5.804],[21.648,-5.916],[21.583,-5.978],[21.588,-6.247],[21.621,-6.357],[21.606,-6.472],[21.54,-6.486],[21.569,-6.527],[21.548,-6.577],[21.608,-6.539],[21.635,-6.598],[21.713,-6.658],[21.613,-6.68],[21.62,-6.726],[21.582,-6.717],[21.604,-6.738],[21.599,-6.758],[21.522,-6.763],[21.4,-6.836],[21.488,-6.898],[21.615,-7.057],[21.798,-7.099],[21.871,-7.063],[21.904,-7.071],[21.949,-7.054],[21.962,-7.078],[22.079,-7.06],[22.119,-7.063],[22.133,-7.083],[22.237,-7.059],[22.256,-7.019],[22.246,-6.975],[22.202,-6.958],[22.167,-6.887],[22.198,-6.901],[22.221,-6.889],[22.241,-6.915],[22.264,-6.873],[22.351,-6.865],[22.384,-6.845],[22.382,-6.766],[22.413,-6.712],[22.406,-6.681],[22.372,-6.663],[22.41,-6.525],[22.438,-6.501],[22.411,-6.48],[22.426,-6.45],[22.399,-6.399],[22.443,-6.359],[22.484,-6.252],[22.469,-6.248],[22.475,-6.203],[22.45,-6.174],[22.444,-6.129],[22.417,-6.133],[22.397,-6.103],[22.392,-6.009],[22.358,-5.952],[22.307,-5.898],[22.221,-5.849],[22.223,-5.825],[22.137,-5.752],[22.121,-5.703],[22.022,-5.746],[21.962,-5.736]]]}},{"type":"Feature","properties":{"p":"CD3102"},"geometry":{"type":"Polygon","coordinates":[[[16.494,-4.484],[16.406,-4.465],[16.395,-4.522],[16.291,-4.728],[16.262,-4.748],[16.24,-4.853],[16.267,-4.88],[16.256,-5.01],[16.299,-5.071],[16.299,-5.139],[16.39,-5.034],[16.445,-4.897],[16.533,-4.893],[16.553,-4.96],[16.526,-5.005],[16.497,-5.19],[16.509,-5.285],[16.562,-5.439],[16.557,-5.548],[16.631,-5.55],[16.671,-5.575],[16.743,-5.667],[16.801,-5.702],[16.869,-5.668],[16.875,-5.703],[16.93,-5.744],[16.936,-5.822],[16.963,-5.811],[16.97,-5.657],[16.99,-5.634],[17.005,-5.753],[16.991,-5.903],[17.044,-5.899],[17.05,-5.831],[17.108,-5.778],[17.136,-5.805],[17.14,-5.893],[17.185,-5.929],[17.235,-5.925],[17.289,-5.974],[17.351,-5.95],[17.282,-5.796],[17.353,-5.782],[17.342,-5.736],[17.399,-5.762],[17.467,-5.755],[17.529,-5.731],[17.542,-5.699],[17.516,-5.662],[17.534,-5.546],[17.476,-5.483],[17.487,-5.449],[17.468,-5.392],[17.482,-5.228],[17.545,-5.126],[17.514,-5.084],[17.53,-5.058],[17.505,-5.014],[17.519,-4.94],[17.502,-4.933],[17.5,-4.89],[17.547,-4.819],[17.541,-4.779],[17.578,-4.697],[17.638,-4.628],[17.635,-4.582],[17.696,-4.537],[17.677,-4.486],[17.647,-4.48],[17.672,-4.468],[17.663,-4.448],[17.675,-4.456],[17.709,-4.389],[17.748,-4.384],[17.822,-4.327],[17.82,-4.299],[17.794,-4.275],[17.722,-4.32],[17.638,-4.341],[17.624,-4.243],[17.518,-4.238],[17.341,-4.369],[17.243,-4.4],[17.202,-4.457],[17.178,-4.549],[17.154,-4.566],[17.075,-4.532],[17.024,-4.479],[16.951,-4.501],[16.939,-4.466],[16.973,-4.429],[16.97,-4.401],[16.936,-4.401],[16.911,-4.348],[16.856,-4.294],[16.84,-4.354],[16.782,-4.353],[16.747,-4.382],[16.742,-4.334],[16.713,-4.352],[16.703,-4.322],[16.617,-4.373],[16.607,-4.556],[16.494,-4.484]]]}},{"type":"Feature","properties":{"p":"CD6313"},"geometry":{"type":"Polygon","coordinates":[[[24.959,-3.234],[24.96,-3.268],[24.912,-3.265],[24.898,-3.282],[24.918,-3.3],[24.903,-3.371],[24.868,-3.378],[24.831,-3.454],[24.774,-3.476],[24.808,-3.533],[24.791,-3.552],[24.774,-3.546],[24.767,-3.591],[24.784,-3.594],[24.779,-3.624],[24.798,-3.644],[24.786,-3.656],[24.807,-3.666],[24.797,-3.711],[24.778,-3.708],[24.752,-3.741],[24.762,-3.755],[24.731,-3.781],[24.743,-3.811],[24.781,-3.831],[24.767,-3.838],[24.82,-3.854],[24.803,-3.876],[24.83,-3.917],[24.854,-3.907],[24.854,-3.94],[24.906,-3.977],[24.896,-4.009],[24.921,-4.044],[24.949,-4.03],[24.98,-4.048],[24.973,-4.102],[25.002,-4.125],[24.986,-4.157],[25.016,-4.172],[24.999,-4.213],[25.021,-4.273],[24.973,-4.385],[25.008,-4.443],[24.929,-4.52],[24.918,-4.568],[24.879,-4.59],[24.859,-4.634],[24.864,-4.694],[24.91,-4.766],[24.976,-4.817],[25.061,-4.987],[25.659,-4.999],[25.671,-4.919],[25.722,-4.951],[25.827,-4.896],[25.735,-4.828],[25.995,-4.505],[26.05,-4.474],[26.041,-4.453],[26.013,-4.462],[26.005,-4.444],[26.021,-4.426],[25.986,-4.396],[26.018,-4.381],[26.006,-4.369],[26.056,-4.339],[26.045,-4.329],[26.07,-4.31],[26.065,-4.294],[26.112,-4.257],[26.086,-4.242],[26.074,-4.164],[25.976,-4.043],[26.046,-3.722],[26.003,-3.608],[25.939,-3.546],[25.893,-3.464],[25.88,-3.353],[25.858,-3.336],[25.868,-3.177],[25.773,-3.165],[25.767,-3.19],[25.784,-3.202],[25.771,-3.224],[25.675,-3.268],[25.638,-3.268],[25.646,-3.259],[25.579,-3.214],[25.486,-3.225],[25.409,-3.2],[25.378,-3.26],[25.126,-3.233],[25.076,-3.3],[24.982,-3.233],[24.959,-3.234]]]}},{"type":"Feature","properties":{"p":"CD3203"},"geometry":{"type":"Polygon","coordinates":[[[18.782,-5.102],[18.825,-5.095],[18.861,-5.063],[18.813,-5.008],[18.751,-5.031],[18.782,-5.102]]]}},{"type":"Feature","properties":{"p":"CD2019"},"geometry":{"type":"Polygon","coordinates":[[[16.257,-4.97],[16.039,-4.958],[16.04,-4.977],[15.98,-5.014],[15.926,-5.247],[15.853,-5.247],[15.847,-5.299],[15.875,-5.366],[15.882,-5.486],[15.87,-5.602],[15.858,-5.649],[15.817,-5.663],[15.815,-5.697],[15.764,-5.702],[15.749,-5.772],[15.766,-5.815],[15.761,-5.874],[16.141,-5.87],[16.15,-5.819],[16.203,-5.803],[16.219,-5.635],[16.203,-5.441],[16.256,-5.175],[16.231,-5.114],[16.269,-4.987],[16.257,-4.97]]]}},{"type":"Feature","properties":{"p":"CD6301"},"geometry":{"type":"Polygon","coordinates":[[[25.855,-3.018],[25.905,-3.042],[25.912,-3.023],[25.966,-3.008],[25.974,-2.926],[25.931,-2.908],[25.864,-2.912],[25.855,-3.018]]]}},{"type":"Feature","properties":{"p":"CD1000"},"geometry":{"type":"Polygon","coordinates":[[[16.483,-4.223],[16.456,-4.196],[16.469,-4.174],[16.23,-4.025],[16.076,-3.948],[16.048,-3.943],[16.01,-3.971],[15.946,-3.928],[15.814,-3.988],[15.699,-3.999],[15.556,-4.048],[15.504,-4.142],[15.552,-4.225],[15.51,-4.316],[15.422,-4.337],[15.353,-4.316],[15.354,-4.323],[15.347,-4.328],[15.311,-4.297],[15.278,-4.301],[15.258,-4.33],[15.199,-4.326],[15.182,-4.39],[15.129,-4.443],[15.172,-4.473],[15.175,-4.559],[15.207,-4.567],[15.246,-4.616],[15.314,-4.625],[15.334,-4.647],[15.39,-4.625],[15.403,-4.56],[15.422,-4.544],[15.477,-4.608],[15.525,-4.588],[15.551,-4.604],[15.647,-4.604],[15.667,-4.569],[15.678,-4.595],[15.733,-4.619],[15.751,-4.647],[15.71,-4.776],[15.684,-4.807],[15.625,-4.819],[15.614,-4.862],[15.624,-4.892],[15.744,-4.97],[15.754,-5.018],[15.845,-5.014],[15.866,-4.948],[15.843,-4.9],[15.866,-4.873],[15.858,-4.859],[15.898,-4.893],[15.917,-4.957],[15.956,-4.945],[16.006,-4.972],[16.039,-4.958],[16.257,-4.97],[16.269,-4.895],[16.24,-4.835],[16.262,-4.748],[16.291,-4.728],[16.395,-4.522],[16.406,-4.465],[16.494,-4.484],[16.498,-4.421],[16.531,-4.367],[16.483,-4.223]]]}},{"type":"Feature","properties":{"p":"CD7102"},"geometry":{"type":"Polygon","coordinates":[[[27.205,-11.519],[27.232,-11.787],[27.463,-11.928],[27.467,-12.035],[27.497,-12.067],[27.515,-12.157],[27.565,-12.21],[27.613,-12.224],[27.647,-12.285],[27.673,-12.283],[27.672,-12.263],[27.722,-12.214],[27.687,-12.13],[27.711,-12.111],[27.723,-12.061],[27.76,-12.052],[27.748,-12.032],[27.76,-12.003],[27.809,-11.957],[27.768,-11.907],[27.783,-11.865],[27.831,-11.853],[27.873,-11.812],[27.861,-11.794],[27.882,-11.774],[27.96,-11.807],[27.994,-11.784],[27.999,-11.801],[28.015,-11.764],[28.043,-11.75],[28.184,-11.771],[28.202,-11.749],[28.317,-11.743],[28.428,-11.96],[28.485,-11.961],[28.493,-11.922],[28.474,-11.893],[28.51,-11.884],[28.485,-11.829],[28.434,-11.821],[28.45,-11.77],[28.415,-11.725],[28.435,-11.706],[28.419,-11.677],[28.432,-11.644],[28.385,-11.596],[28.384,-11.561],[28.398,-11.475],[28.433,-11.414],[28.426,-11.391],[28.459,-11.369],[28.453,-11.301],[28.49,-11.241],[28.501,-11.153],[28.478,-11.109],[28.524,-10.964],[28.477,-10.979],[28.448,-11.024],[28.416,-11.013],[28.35,-11.034],[28.4,-11.084],[28.314,-11.194],[28.291,-11.261],[28.243,-11.275],[28.177,-11.368],[28.154,-11.362],[28.126,-11.312],[28.122,-11.25],[28.022,-11.223],[28.009,-11.296],[27.923,-11.262],[27.896,-11.29],[27.83,-11.258],[27.725,-11.306],[27.7,-11.271],[27.579,-11.255],[27.541,-11.227],[27.522,-11.25],[27.484,-11.244],[27.377,-11.297],[27.301,-11.412],[27.256,-11.437],[27.205,-11.519]],[[27.517,-11.539],[27.559,-11.482],[27.577,-11.493],[27.569,-11.512],[27.636,-11.524],[27.592,-11.642],[27.628,-11.641],[27.603,-11.679],[27.558,-11.684],[27.547,-11.781],[27.497,-11.83],[27.462,-11.83],[27.435,-11.796],[27.397,-11.798],[27.382,-11.771],[27.343,-11.779],[27.3,-11.641],[27.37,-11.578],[27.408,-11.594],[27.419,-11.546],[27.446,-11.521],[27.517,-11.539]]]}},{"type":"Feature","properties":{"p":"CD3303"},"geometry":{"type":"Polygon","coordinates":[[[18.72,-1.183],[18.793,-1.264],[18.833,-1.388],[18.796,-1.415],[18.799,-1.453],[18.724,-1.504],[18.705,-1.569],[18.688,-1.528],[18.639,-1.552],[18.521,-1.568],[18.446,-1.719],[18.39,-1.735],[18.438,-1.761],[18.572,-1.709],[18.643,-1.708],[18.769,-1.825],[18.791,-1.816],[18.834,-1.834],[18.855,-1.817],[18.951,-1.876],[19.0,-1.875],[19.116,-1.965],[19.176,-2.116],[19.26,-2.213],[19.25,-2.278],[19.305,-2.464],[19.274,-2.618],[19.282,-2.712],[19.322,-2.708],[19.329,-2.553],[19.382,-2.453],[19.341,-2.436],[19.351,-2.384],[19.3,-2.277],[19.408,-2.291],[19.749,-2.14],[19.818,-2.048],[19.876,-2.038],[19.884,-1.991],[19.95,-1.976],[19.934,-1.903],[19.901,-1.879],[19.84,-1.663],[19.732,-1.578],[19.653,-1.697],[19.634,-1.778],[19.601,-1.802],[19.543,-1.8],[19.503,-1.774],[19.52,-1.71],[19.489,-1.643],[19.495,-1.572],[19.392,-1.344],[19.301,-1.077],[19.272,-1.053],[19.212,-1.048],[19.19,-0.893],[19.09,-0.741],[19.061,-0.784],[19.0,-0.82],[18.793,-0.822],[18.749,-0.935],[18.743,-1.012],[18.818,-1.038],[18.851,-1.078],[18.871,-1.166],[18.83,-1.184],[18.745,-1.118],[18.72,-1.183]]]}},{"type":"Feature","properties":{"p":"CD5101"},"geometry":{"type":"Polygon","coordinates":[[[25.359,0.963],[25.214,0.675],[25.14,0.641],[25.007,0.628],[25.044,0.586],[25.038,0.556],[24.933,0.537],[24.896,0.547],[24.862,0.529],[24.864,0.489],[24.968,0.458],[24.994,0.421],[25.033,0.275],[25.02,0.124],[25.064,0.147],[25.073,0.253],[25.099,0.265],[25.105,0.296],[25.151,0.294],[25.188,0.408],[25.301,0.339],[25.312,0.287],[25.381,0.292],[25.429,0.329],[25.357,0.373],[25.322,0.456],[25.362,0.465],[25.372,0.517],[25.415,0.535],[25.521,0.68],[25.519,0.698],[25.476,0.691],[25.46,0.721],[25.432,0.71],[25.422,0.725],[25.401,0.701],[25.359,0.722],[25.351,0.76],[25.38,0.791],[25.357,0.882],[25.38,0.929],[25.359,0.963]]]}},{"type":"Feature","properties":{"p":"CD8306"},"geometry":{"type":"Polygon","coordinates":[[[21.968,-3.975],[21.995,-3.961],[22.081,-3.983],[22.118,-4.024],[22.163,-4.04],[22.247,-3.996],[22.292,-4.01],[22.33,-4.08],[22.403,-4.144],[22.467,-4.159],[22.543,-4.216],[22.663,-4.269],[22.828,-4.473],[22.884,-4.518],[23.027,-4.515],[23.115,-4.548],[23.214,-4.518],[23.225,-4.492],[23.304,-4.49],[23.376,-4.376],[23.443,-4.33],[23.442,-4.221],[23.418,-4.185],[23.348,-4.19],[23.272,-4.168],[23.244,-4.179],[23.19,-4.146],[23.145,-4.153],[23.146,-4.059],[23.084,-3.975],[23.099,-3.86],[23.055,-3.861],[23.02,-3.79],[22.996,-3.68],[23.037,-3.583],[23.016,-3.521],[23.036,-3.423],[23.003,-3.273],[23.053,-3.235],[23.022,-3.215],[23.057,-3.13],[23.033,-3.002],[22.74,-2.986],[22.672,-2.963],[22.617,-2.981],[22.518,-3.093],[22.419,-3.083],[22.429,-3.011],[22.414,-2.971],[22.357,-2.985],[22.288,-2.975],[22.38,-2.879],[22.251,-2.839],[22.175,-2.765],[22.228,-2.7],[22.106,-2.524],[22.103,-2.471],[22.131,-2.434],[22.13,-2.398],[22.094,-2.363],[22.083,-2.302],[22.052,-2.306],[21.992,-2.394],[21.831,-2.53],[22.015,-2.674],[22.033,-2.73],[22.167,-2.923],[22.221,-2.929],[22.181,-2.957],[22.164,-3.012],[22.108,-3.064],[22.096,-3.209],[21.998,-3.296],[21.989,-3.401],[21.941,-3.442],[21.929,-3.504],[21.959,-3.602],[22.015,-3.572],[22.129,-3.578],[22.132,-3.779],[22.156,-3.796],[22.068,-3.878],[22.02,-3.892],[21.968,-3.975]],[[22.885,-4.215],[22.924,-4.204],[22.934,-4.242],[22.898,-4.251],[22.885,-4.215]],[[22.685,-4.067],[22.672,-4.054],[22.685,-4.026],[22.713,-4.029],[22.716,-4.057],[22.685,-4.067]]]}},{"type":"Feature","properties":{"p":"CD7201"},"geometry":{"type":"Polygon","coordinates":[[[25.559,-10.712],[25.435,-10.71],[25.411,-10.753],[25.45,-10.776],[25.451,-10.801],[25.533,-10.805],[25.516,-10.772],[25.559,-10.712]]]}},{"type":"Feature","properties":{"p":"CD7409"},"geometry":{"type":"Polygon","coordinates":[[[27.049,-5.754],[27.327,-5.579],[27.487,-5.511],[27.518,-5.53],[27.584,-5.506],[27.6,-5.455],[27.67,-5.367],[27.667,-5.304],[27.732,-5.264],[27.703,-5.218],[27.715,-5.146],[27.685,-5.111],[27.694,-5.059],[27.674,-5.01],[26.27,-5.0],[26.198,-5.092],[26.191,-5.214],[26.146,-5.26],[26.109,-5.349],[26.137,-5.505],[26.176,-5.559],[26.151,-5.599],[26.124,-5.6],[26.104,-5.66],[26.131,-5.733],[26.238,-5.8],[26.531,-5.785],[26.519,-5.853],[26.555,-5.866],[26.66,-5.85],[26.768,-5.791],[26.792,-5.716],[26.816,-5.815],[26.897,-5.783],[26.914,-5.659],[26.943,-5.7],[27.049,-5.754]]]}},{"type":"Feature","properties":{"p":"CD4204"},"geometry":{"type":"Polygon","coordinates":[[[19.125,2.126],[19.218,2.234],[19.24,2.298],[19.261,2.303],[19.263,2.351],[19.205,2.399],[19.182,2.472],[19.216,2.595],[19.285,2.664],[19.333,2.75],[19.226,2.904],[19.313,2.964],[19.291,3.035],[19.244,3.08],[19.155,3.067],[19.121,3.123],[19.083,3.132],[19.085,3.195],[19.056,3.166],[19.028,3.171],[19.045,3.15],[19.029,3.114],[18.994,3.107],[18.974,3.126],[18.951,3.097],[18.927,3.105],[18.905,3.088],[18.899,3.107],[18.849,3.068],[18.8,3.087],[18.793,3.043],[18.748,3.021],[18.763,3.013],[18.742,3.017],[18.717,2.984],[18.678,2.987],[18.665,2.958],[18.645,2.974],[18.626,2.924],[18.594,2.91],[18.618,2.9],[18.609,2.823],[18.475,2.785],[18.401,2.733],[18.33,2.585],[18.242,2.507],[18.185,2.345],[18.106,2.267],[18.089,2.09],[18.065,2.027],[18.086,1.984],[18.591,1.977],[18.604,1.949],[18.709,1.903],[18.763,1.972],[18.849,1.977],[18.958,2.014],[19.125,2.126]]]}},{"type":"Feature","properties":{"p":"CD3306"},"geometry":{"type":"Polygon","coordinates":[[[18.766,-3.624],[18.904,-3.67],[18.927,-3.546],[18.867,-3.471],[18.858,-3.431],[18.932,-3.322],[18.991,-3.272],[18.997,-3.241],[18.946,-3.213],[18.874,-3.222],[18.846,-3.177],[18.895,-3.074],[18.982,-3.036],[19.052,-2.921],[19.027,-2.642],[19.042,-2.566],[19.012,-2.497],[18.955,-2.454],[18.819,-2.417],[18.77,-2.436],[18.678,-2.523],[18.635,-2.528],[18.585,-2.585],[18.532,-2.585],[18.483,-2.614],[18.483,-2.659],[18.452,-2.677],[18.411,-2.588],[18.324,-2.574],[18.268,-2.588],[18.258,-2.551],[18.208,-2.545],[18.152,-2.413],[18.152,-2.355],[18.077,-2.302],[18.004,-2.28],[17.934,-2.325],[17.86,-2.326],[17.858,-2.399],[17.82,-2.425],[17.801,-2.484],[17.763,-2.506],[17.705,-2.666],[17.704,-2.721],[17.671,-2.726],[17.637,-2.691],[17.6,-2.692],[17.608,-2.758],[17.571,-2.809],[17.486,-2.837],[17.463,-2.829],[17.452,-2.85],[17.341,-2.886],[17.329,-2.931],[17.251,-3.003],[17.186,-3.015],[17.106,-2.978],[16.963,-3.017],[17.129,-3.132],[17.151,-3.122],[17.222,-3.173],[17.397,-3.198],[17.573,-3.303],[17.628,-3.299],[17.68,-3.332],[17.719,-3.323],[17.758,-3.363],[17.819,-3.387],[17.845,-3.425],[18.043,-3.377],[18.109,-3.402],[18.157,-3.447],[18.179,-3.419],[18.242,-3.399],[18.273,-3.457],[18.441,-3.568],[18.534,-3.586],[18.604,-3.571],[18.712,-3.624],[18.766,-3.624]]]}},{"type":"Feature","properties":{"p":"CD3307"},"geometry":{"type":"Polygon","coordinates":[[[17.358,-3.359],[17.339,-3.329],[17.381,-3.265],[17.354,-3.199],[17.31,-3.177],[17.222,-3.173],[17.151,-3.122],[17.129,-3.132],[16.957,-3.015],[16.858,-3.046],[16.714,-3.019],[16.637,-3.023],[16.559,-3.058],[16.484,-3.053],[16.456,-3.083],[16.395,-3.067],[16.234,-3.119],[16.191,-3.179],[16.184,-3.25],[16.222,-3.296],[16.204,-3.358],[16.058,-3.609],[15.902,-3.949],[15.946,-3.928],[16.01,-3.971],[16.048,-3.943],[16.076,-3.948],[16.382,-4.112],[16.469,-4.174],[16.456,-4.196],[16.483,-4.223],[16.496,-4.185],[16.586,-4.143],[16.634,-4.133],[16.693,-4.15],[16.773,-4.087],[16.827,-4.095],[16.932,-3.987],[17.015,-3.982],[17.108,-4.025],[17.207,-3.913],[17.241,-3.786],[17.306,-3.696],[17.304,-3.668],[17.332,-3.653],[17.287,-3.574],[17.273,-3.49],[17.358,-3.359]]]}},{"type":"Feature","properties":{"p":"CD4205"},"geometry":{"type":"Polygon","coordinates":[[[19.014,4.768],[18.84,4.571],[18.794,4.423],[18.753,4.379],[18.733,4.387],[18.753,4.303],[18.786,4.304],[18.805,4.278],[18.866,4.265],[18.868,4.248],[18.81,4.132],[18.764,4.13],[18.733,4.101],[18.678,4.012],[18.678,3.977],[18.652,3.978],[18.602,3.896],[18.587,3.744],[18.64,3.449],[18.642,3.209],[18.595,3.106],[18.533,3.07],[18.517,3.014],[18.453,2.927],[18.421,2.752],[18.609,2.823],[18.618,2.9],[18.594,2.91],[18.626,2.924],[18.645,2.974],[18.665,2.958],[18.678,2.987],[18.717,2.984],[18.742,3.017],[18.763,3.013],[18.748,3.021],[18.793,3.043],[18.8,3.087],[18.849,3.068],[18.899,3.107],[18.905,3.088],[18.927,3.105],[18.951,3.097],[18.974,3.126],[18.994,3.107],[19.029,3.114],[19.045,3.15],[19.028,3.171],[19.078,3.177],[19.098,3.228],[19.071,3.291],[19.098,3.332],[19.076,3.344],[19.13,3.366],[19.158,3.41],[19.181,3.407],[19.166,3.426],[19.205,3.438],[19.195,3.468],[19.232,3.457],[19.239,3.484],[19.267,3.488],[19.248,3.514],[19.277,3.539],[19.283,3.601],[19.273,3.627],[19.242,3.636],[19.269,3.691],[19.266,3.743],[19.356,3.739],[19.362,3.796],[19.346,3.802],[19.374,3.809],[19.352,3.85],[19.374,3.843],[19.365,3.86],[19.41,3.867],[19.417,3.908],[19.354,3.987],[19.266,4.033],[19.268,4.073],[19.308,4.086],[19.519,4.587],[19.474,4.619],[19.475,4.663],[19.459,4.678],[19.421,4.678],[19.38,4.625],[19.298,4.684],[19.229,4.68],[19.211,4.7],[19.163,4.703],[19.114,4.766],[19.014,4.768]]]}},{"type":"Feature","properties":{"p":"CD7106"},"geometry":{"type":"Polygon","coordinates":[[[26.672,-10.88],[26.631,-10.966],[26.689,-11.038],[26.774,-11.031],[26.792,-11.045],[26.827,-11.018],[26.88,-11.023],[26.88,-10.997],[26.816,-10.945],[26.76,-10.944],[26.752,-10.914],[26.703,-10.913],[26.672,-10.88]]]}},{"type":"Feature","properties":{"p":"CD4402"},"geometry":{"type":"Polygon","coordinates":[[[21.806,2.18],[21.814,2.241],[21.761,2.282],[21.724,2.372],[21.713,2.59],[21.681,2.605],[21.656,2.667],[21.725,2.82],[21.661,2.878],[21.647,2.92],[21.592,2.913],[21.471,2.948],[21.435,3.001],[21.294,3.068],[21.25,3.119],[21.17,3.163],[21.145,2.922],[21.046,3.007],[21.033,3.064],[20.98,3.111],[20.931,3.102],[20.795,3.247],[20.725,3.159],[20.721,3.067],[20.703,3.069],[20.734,2.999],[20.718,2.994],[20.715,2.945],[20.742,2.935],[20.728,2.912],[20.746,2.899],[20.737,2.878],[20.76,2.871],[20.761,2.835],[20.797,2.823],[20.805,2.745],[20.909,2.607],[20.916,2.578],[20.874,2.505],[20.819,2.473],[20.802,2.435],[20.778,2.439],[20.774,2.416],[20.744,2.414],[20.735,2.444],[20.671,2.414],[20.666,2.44],[20.588,2.411],[20.567,2.421],[20.556,2.404],[20.535,2.416],[20.511,2.395],[20.494,2.434],[20.435,2.421],[20.365,2.432],[20.297,2.402],[20.265,2.417],[20.256,2.393],[20.233,2.406],[20.163,2.35],[20.103,2.341],[20.101,2.275],[20.045,2.245],[20.019,2.177],[19.995,2.182],[19.954,2.145],[19.964,2.127],[19.922,2.041],[19.932,2.023],[19.908,2.015],[19.888,1.953],[19.838,1.946],[19.814,1.9],[19.825,1.85],[19.894,1.922],[19.981,1.943],[20.067,1.914],[20.266,1.928],[20.385,1.937],[20.482,1.979],[20.704,1.966],[20.824,2.005],[21.01,1.947],[21.165,1.949],[21.235,1.967],[21.408,2.084],[21.537,2.124],[21.678,2.133],[21.806,2.18]]]}},{"type":"Feature","properties":{"p":"CD8303"},"geometry":{"type":"Polygon","coordinates":[[[23.526,-2.918],[23.462,-2.927],[23.293,-2.903],[23.214,-2.858],[23.075,-2.819],[23.027,-2.994],[23.057,-3.13],[23.022,-3.215],[23.053,-3.235],[23.003,-3.273],[23.036,-3.423],[23.016,-3.521],[23.037,-3.583],[22.996,-3.693],[23.055,-3.861],[23.099,-3.86],[23.084,-3.975],[23.146,-4.059],[23.145,-4.153],[23.19,-4.146],[23.244,-4.179],[23.272,-4.168],[23.352,-4.191],[23.405,-4.18],[23.432,-4.205],[23.487,-4.174],[23.539,-4.184],[23.572,-4.169],[23.609,-4.188],[23.656,-4.176],[23.676,-4.205],[23.734,-4.213],[23.93,-3.912],[23.928,-3.833],[23.958,-3.772],[23.941,-3.72],[23.971,-3.676],[23.921,-3.533],[23.98,-3.506],[23.92,-3.355],[23.544,-2.984],[23.526,-2.918]]]}},{"type":"Feature","properties":{"p":"CD8307"},"geometry":{"type":"Polygon","coordinates":[[[22.195,-1.811],[22.134,-1.877],[22.224,-2.402],[22.155,-2.449],[22.131,-2.434],[22.103,-2.471],[22.106,-2.524],[22.228,-2.7],[22.175,-2.765],[22.251,-2.839],[22.38,-2.879],[22.288,-2.975],[22.357,-2.985],[22.414,-2.971],[22.429,-3.011],[22.412,-3.078],[22.437,-3.088],[22.518,-3.093],[22.617,-2.981],[22.672,-2.963],[22.74,-2.986],[22.786,-2.977],[22.95,-3.004],[23.027,-2.994],[23.075,-2.819],[23.214,-2.858],[23.293,-2.903],[23.462,-2.927],[23.526,-2.918],[23.554,-2.794],[23.599,-2.735],[23.556,-2.667],[23.713,-2.667],[23.826,-2.722],[23.944,-2.73],[24.018,-2.671],[24.274,-2.544],[24.364,-2.458],[24.694,-2.363],[24.664,-2.139],[24.609,-2.065],[24.598,-1.981],[24.515,-1.904],[24.444,-1.715],[23.968,-1.698],[23.955,-1.737],[23.811,-1.736],[23.714,-1.773],[23.678,-1.822],[23.562,-1.793],[23.592,-1.885],[23.586,-1.99],[23.46,-2.03],[23.424,-1.997],[23.327,-2.029],[23.288,-2.088],[23.201,-1.979],[23.147,-1.945],[22.932,-1.878],[22.868,-1.885],[22.759,-1.855],[22.69,-1.808],[22.638,-1.816],[22.59,-1.751],[22.493,-1.917],[22.195,-1.811]]]}},{"type":"Feature","properties":{"p":"CD8108"},"geometry":{"type":"Polygon","coordinates":[[[26.184,-5.762],[26.124,-5.725],[26.127,-5.692],[26.104,-5.66],[26.124,-5.6],[26.151,-5.599],[26.176,-5.559],[26.137,-5.505],[26.109,-5.349],[26.146,-5.26],[26.191,-5.214],[26.198,-5.092],[26.27,-5.0],[25.061,-4.987],[24.984,-4.835],[24.92,-4.866],[24.841,-4.861],[24.822,-4.885],[24.844,-4.955],[24.764,-4.928],[24.713,-5.0],[24.58,-5.04],[24.561,-5.172],[24.516,-5.168],[24.553,-5.345],[24.649,-5.404],[24.627,-5.496],[24.68,-5.551],[24.618,-5.602],[24.686,-5.7],[24.746,-5.741],[24.766,-5.937],[24.836,-5.981],[24.91,-5.991],[24.943,-6.061],[25.037,-6.034],[25.066,-6.079],[25.155,-6.119],[25.219,-6.116],[25.36,-6.052],[25.353,-6.197],[25.379,-6.234],[25.353,-6.274],[25.415,-6.319],[25.487,-6.294],[25.504,-6.312],[25.537,-6.306],[25.681,-6.261],[25.691,-6.238],[25.797,-6.195],[25.814,-6.164],[25.803,-6.151],[25.829,-6.144],[25.939,-6.206],[25.971,-6.276],[25.986,-6.22],[26.016,-6.204],[26.028,-6.263],[26.055,-6.266],[26.072,-6.296],[26.116,-6.295],[26.143,-6.243],[26.19,-6.213],[26.218,-6.154],[26.188,-6.085],[26.234,-6.068],[26.255,-6.036],[26.183,-6.015],[26.215,-5.98],[26.178,-5.933],[26.177,-5.871],[26.208,-5.838],[26.184,-5.762]]]}},{"type":"Feature","properties":{"p":"CD8309"},"geometry":{"type":"Polygon","coordinates":[[[24.553,-5.345],[24.516,-5.168],[24.561,-5.172],[24.585,-5.078],[24.575,-5.045],[24.713,-5.0],[24.764,-4.928],[24.844,-4.955],[24.822,-4.885],[24.841,-4.861],[24.92,-4.866],[24.984,-4.835],[24.902,-4.756],[24.858,-4.661],[24.872,-4.603],[24.918,-4.568],[24.929,-4.52],[25.002,-4.461],[24.973,-4.385],[25.021,-4.273],[25.008,-4.241],[24.833,-4.274],[24.704,-4.384],[24.669,-4.353],[24.567,-4.381],[24.548,-4.215],[24.52,-4.192],[24.402,-4.188],[24.425,-3.995],[24.315,-3.967],[24.288,-3.971],[24.25,-4.024],[24.209,-4.014],[24.152,-4.136],[24.122,-4.122],[23.994,-4.295],[23.717,-4.207],[23.702,-4.504],[23.871,-4.861],[24.043,-4.876],[23.973,-4.94],[23.924,-4.952],[23.908,-4.992],[23.923,-5.028],[23.876,-5.049],[23.881,-5.093],[24.053,-5.231],[24.09,-5.216],[24.031,-5.294],[24.149,-5.381],[24.305,-5.41],[24.416,-5.378],[24.436,-5.342],[24.455,-5.378],[24.489,-5.393],[24.553,-5.345]]]}},{"type":"Feature","properties":{"p":"CD6105"},"geometry":{"type":"Polygon","coordinates":[[[28.145,-0.23],[28.192,-0.239],[28.287,-0.156],[28.464,-0.102],[28.501,-0.184],[28.515,-0.194],[28.534,-0.178],[28.527,-0.227],[28.638,-0.286],[28.607,-0.36],[28.633,-0.398],[28.674,-0.4],[28.67,-0.457],[28.724,-0.524],[28.777,-0.565],[28.957,-0.563],[28.986,-0.732],[29.004,-0.761],[29.044,-0.768],[29.066,-0.822],[29.128,-0.712],[29.161,-0.705],[29.19,-0.664],[29.238,-0.702],[29.291,-0.694],[29.335,-0.644],[29.374,-0.655],[29.363,-0.69],[29.371,-0.705],[29.436,-0.637],[29.445,-0.6],[29.487,-0.647],[29.516,-0.617],[29.572,-0.606],[29.643,-0.467],[29.68,-0.446],[29.758,-0.067],[29.702,-0.066],[29.643,-0.129],[29.561,-0.148],[29.445,-0.126],[29.41,-0.136],[29.413,-0.038],[29.386,-0.045],[29.369,-0.025],[29.38,0.06],[29.303,0.061],[29.272,0.108],[29.255,0.085],[29.238,0.091],[29.204,0.159],[29.152,0.193],[29.148,0.264],[29.058,0.29],[29.115,0.329],[29.081,0.383],[29.011,0.402],[28.999,0.423],[29.027,0.464],[29.008,0.501],[29.062,0.608],[28.991,0.56],[28.901,0.588],[28.66,0.581],[28.632,0.545],[28.555,0.52],[28.555,0.544],[28.507,0.534],[28.505,0.567],[28.446,0.63],[28.338,0.698],[28.074,0.679],[27.993,0.613],[27.955,0.622],[27.893,0.562],[27.797,0.53],[27.881,0.48],[27.921,0.492],[28.004,0.474],[28.048,0.428],[28.052,0.408],[28.034,0.403],[28.059,0.377],[28.066,0.27],[28.134,0.221],[28.12,0.187],[28.154,0.151],[28.102,0.103],[28.091,-0.005],[28.145,-0.23]]]}},{"type":"Feature","properties":{"p":"CD7203"},"geometry":{"type":"Polygon","coordinates":[[[25.502,-9.487],[25.49,-9.551],[25.521,-9.64],[25.487,-9.636],[25.522,-9.657],[25.524,-9.694],[25.546,-9.697],[25.519,-9.707],[25.548,-9.742],[25.542,-9.794],[25.488,-9.824],[25.407,-9.823],[25.177,-9.917],[25.128,-9.98],[25.085,-9.975],[25.025,-10.013],[24.983,-10.016],[24.983,-10.038],[25.072,-10.05],[25.056,-10.073],[25.079,-10.1],[25.095,-10.179],[25.169,-10.232],[25.176,-10.301],[25.232,-10.294],[25.293,-10.324],[25.318,-10.36],[25.414,-10.344],[25.456,-10.292],[25.449,-10.245],[25.4,-10.203],[25.424,-10.163],[25.47,-10.176],[25.484,-10.216],[25.541,-10.24],[25.589,-10.231],[25.617,-10.184],[25.645,-10.182],[25.661,-10.2],[25.647,-10.269],[25.701,-10.227],[25.779,-10.224],[25.804,-10.269],[25.793,-10.338],[25.842,-10.385],[25.849,-10.523],[25.912,-10.672],[25.888,-10.713],[25.949,-10.956],[26.065,-10.979],[26.123,-10.948],[26.167,-10.883],[26.215,-10.884],[26.234,-10.937],[26.265,-10.952],[26.273,-10.993],[26.331,-11.061],[26.31,-11.209],[26.36,-11.229],[26.349,-11.032],[26.419,-10.918],[26.55,-10.898],[26.566,-10.882],[26.562,-10.812],[26.606,-10.74],[26.51,-10.678],[26.566,-10.6],[26.52,-10.586],[26.516,-10.561],[26.454,-10.502],[26.496,-10.475],[26.814,-10.464],[26.918,-10.517],[26.928,-10.601],[26.947,-10.607],[26.98,-10.558],[27.093,-10.554],[27.188,-10.432],[27.106,-10.321],[26.98,-10.218],[27.099,-10.034],[27.064,-9.969],[27.075,-9.922],[27.026,-9.915],[27.006,-9.943],[26.949,-9.954],[26.931,-9.975],[26.886,-9.962],[26.886,-9.986],[26.855,-9.978],[26.831,-10.012],[26.79,-10.024],[26.747,-10.006],[26.782,-9.979],[26.773,-9.913],[26.599,-9.921],[26.479,-9.891],[26.43,-9.898],[26.36,-9.854],[26.317,-9.857],[26.283,-9.884],[26.267,-9.822],[26.292,-9.764],[26.34,-9.718],[26.331,-9.679],[26.351,-9.647],[26.26,-9.673],[26.22,-9.711],[26.189,-9.7],[26.038,-9.723],[26.034,-9.677],[25.944,-9.701],[25.88,-9.68],[25.7,-9.567],[25.641,-9.49],[25.59,-9.517],[25.51,-9.505],[25.502,-9.487]]]}},{"type":"Feature","properties":{"p":"CD7101"},"geometry":{"type":"Polygon","coordinates":[[[27.559,-11.482],[27.517,-11.539],[27.446,-11.521],[27.419,-11.546],[27.408,-11.594],[27.37,-11.578],[27.3,-11.641],[27.343,-11.779],[27.382,-11.771],[27.397,-11.798],[27.435,-11.796],[27.462,-11.83],[27.497,-11.83],[27.547,-11.781],[27.558,-11.684],[27.603,-11.679],[27.628,-11.641],[27.592,-11.642],[27.636,-11.524],[27.569,-11.512],[27.577,-11.493],[27.559,-11.482]]]}},{"type":"Feature","properties":{"p":"CD6305"},"geometry":{"type":"Polygon","coordinates":[[[26.709,-0.316],[26.56,-0.378],[26.457,-0.382],[26.431,-0.319],[26.326,-0.259],[26.301,-0.192],[26.273,-0.2],[26.226,-0.137],[26.193,-0.132],[26.194,-0.106],[26.101,-0.076],[26.078,-0.05],[26.091,-0.032],[26.065,-0.034],[26.064,-0.014],[26.034,-0.049],[26.082,-0.198],[26.171,-0.284],[26.109,-0.373],[26.274,-0.504],[26.257,-0.625],[26.23,-0.668],[26.26,-0.855],[26.244,-0.894],[26.146,-0.949],[26.074,-0.963],[26.083,-1.091],[26.141,-1.133],[26.08,-1.155],[26.059,-1.26],[26.082,-1.281],[26.12,-1.287],[26.12,-1.238],[26.147,-1.246],[26.186,-1.218],[26.198,-1.273],[26.224,-1.24],[26.286,-1.282],[26.335,-1.278],[26.39,-1.353],[26.454,-1.363],[26.459,-1.4],[26.579,-1.417],[26.678,-1.351],[26.778,-1.34],[26.797,-1.312],[26.837,-1.329],[26.883,-1.225],[26.96,-1.218],[26.984,-1.177],[27.031,-1.161],[27.077,-1.171],[27.093,-1.143],[27.213,-1.213],[27.251,-1.174],[27.334,-1.189],[27.267,-1.068],[27.274,-0.98],[27.311,-0.955],[27.517,-0.899],[27.638,-0.934],[27.68,-0.93],[27.706,-0.893],[27.769,-0.883],[27.78,-0.78],[27.806,-0.747],[27.804,-0.695],[27.831,-0.666],[27.824,-0.625],[27.841,-0.596],[27.66,-0.595],[27.56,-0.534],[27.519,-0.542],[27.488,-0.491],[27.42,-0.517],[27.359,-0.516],[27.345,-0.476],[27.3,-0.453],[27.193,-0.447],[27.136,-0.424],[27.118,-0.388],[27.073,-0.38],[27.07,-0.329],[27.01,-0.274],[26.956,-0.266],[26.906,-0.229],[26.889,-0.241],[26.846,-0.206],[26.828,-0.218],[26.841,-0.259],[26.791,-0.252],[26.709,-0.316]]]}},{"type":"Feature","properties":{"p":"CD9204"},"geometry":{"type":"Polygon","coordinates":[[[21.624,-5.316],[21.602,-5.331],[21.579,-5.315],[21.549,-5.344],[21.517,-5.311],[21.452,-5.309],[21.446,-5.331],[21.368,-5.342],[21.3,-5.271],[21.283,-5.277],[21.234,-5.234],[21.212,-5.18],[21.136,-5.113],[21.112,-5.043],[21.072,-5.232],[21.087,-5.293],[20.999,-5.364],[20.981,-5.448],[20.911,-5.513],[20.917,-5.592],[20.862,-5.603],[20.867,-5.674],[20.834,-5.734],[20.915,-5.813],[20.965,-5.828],[20.986,-5.894],[21.127,-6.002],[21.213,-6.107],[21.275,-6.09],[21.354,-6.113],[21.391,-6.089],[21.456,-6.127],[21.584,-6.142],[21.583,-5.978],[21.664,-5.895],[21.698,-5.804],[21.75,-5.77],[21.756,-5.803],[21.822,-5.864],[21.878,-5.859],[21.878,-5.815],[21.942,-5.744],[21.977,-5.628],[21.926,-5.521],[21.879,-5.478],[21.847,-5.415],[21.822,-5.426],[21.821,-5.452],[21.767,-5.468],[21.754,-5.442],[21.659,-5.393],[21.664,-5.33],[21.624,-5.316]]]}},{"type":"Feature","properties":{"p":"CD8104"},"geometry":{"type":"Polygon","coordinates":[[[23.308,-6.862],[23.247,-7.008],[23.262,-7.04],[23.233,-7.06],[23.214,-7.161],[23.235,-7.172],[23.226,-7.337],[23.256,-7.364],[23.232,-7.414],[23.255,-7.45],[23.208,-7.511],[23.229,-7.657],[23.176,-7.794],[23.181,-7.924],[23.21,-7.957],[23.268,-7.976],[23.31,-7.944],[23.442,-7.944],[23.497,-7.98],[23.584,-7.937],[23.626,-7.967],[23.688,-7.968],[23.756,-7.824],[23.801,-7.866],[23.821,-7.954],[23.824,-7.887],[23.955,-7.833],[23.96,-7.8],[23.92,-7.718],[23.936,-7.595],[23.921,-7.566],[23.964,-7.472],[23.979,-7.385],[24.01,-7.37],[23.962,-7.327],[23.986,-7.262],[23.961,-7.21],[24.014,-7.163],[24.067,-7.068],[24.113,-7.072],[24.141,-7.051],[24.148,-7.017],[24.131,-7.003],[24.152,-6.985],[24.122,-6.947],[24.157,-6.932],[24.147,-6.903],[24.072,-6.93],[24.038,-6.887],[23.926,-6.9],[23.905,-6.863],[23.862,-6.847],[23.873,-6.805],[23.815,-6.79],[23.806,-6.757],[23.742,-6.75],[23.737,-6.728],[23.705,-6.748],[23.695,-6.727],[23.599,-6.77],[23.507,-6.717],[23.446,-6.645],[23.412,-6.672],[23.403,-6.716],[23.312,-6.765],[23.338,-6.802],[23.315,-6.8],[23.291,-6.842],[23.308,-6.862]],[[23.433,-6.931],[23.529,-6.941],[23.553,-7.003],[23.479,-7.043],[23.408,-7.03],[23.433,-6.931]]]}},{"type":"Feature","properties":{"p":"CD9104"},"geometry":{"type":"Polygon","coordinates":[[[22.431,-6.507],[22.41,-6.525],[22.372,-6.663],[22.406,-6.681],[22.413,-6.712],[22.382,-6.766],[22.384,-6.845],[22.351,-6.865],[22.264,-6.873],[22.241,-6.915],[22.221,-6.889],[22.198,-6.901],[22.167,-6.887],[22.202,-6.958],[22.246,-6.975],[22.256,-7.019],[22.231,-7.065],[22.18,-7.081],[22.079,-7.06],[21.962,-7.078],[21.949,-7.054],[21.904,-7.071],[21.871,-7.063],[21.798,-7.099],[21.738,-7.074],[21.654,-7.07],[21.664,-7.117],[21.702,-7.136],[21.714,-7.196],[21.787,-7.258],[21.784,-7.293],[21.82,-7.328],[21.829,-7.403],[21.853,-7.426],[21.835,-7.659],[21.97,-7.703],[22.002,-7.672],[22.024,-7.675],[22.165,-7.881],[22.291,-7.871],[22.421,-7.804],[22.497,-7.845],[22.554,-7.765],[22.609,-7.733],[22.652,-7.775],[22.647,-7.823],[22.677,-7.855],[22.661,-7.896],[22.766,-7.818],[22.817,-7.823],[22.941,-7.888],[22.984,-7.865],[23.084,-7.875],[23.151,-7.777],[23.185,-7.769],[23.229,-7.657],[23.208,-7.511],[23.255,-7.45],[23.232,-7.414],[23.256,-7.364],[23.226,-7.337],[23.237,-7.208],[23.235,-7.172],[23.214,-7.161],[23.233,-7.06],[23.262,-7.04],[23.247,-7.008],[23.272,-6.949],[23.138,-6.934],[23.126,-6.895],[23.045,-6.869],[22.977,-6.952],[22.949,-6.885],[22.842,-6.906],[22.733,-6.859],[22.696,-6.792],[22.673,-6.806],[22.565,-6.779],[22.567,-6.732],[22.543,-6.695],[22.49,-6.69],[22.499,-6.615],[22.474,-6.601],[22.471,-6.555],[22.431,-6.507]]]}},{"type":"Feature","properties":{"p":"CD8204"},"geometry":{"type":"Polygon","coordinates":[[[23.67,-6.472],[23.638,-6.487],[23.665,-6.497],[23.67,-6.472]]]}},{"type":"Feature","properties":{"p":"CD4103"},"geometry":{"type":"Polygon","coordinates":[[[17.779,-0.556],[17.703,-0.559],[17.633,-0.663],[17.585,-0.688],[17.56,-0.752],[17.493,-0.839],[17.33,-0.999],[17.255,-1.041],[17.111,-1.074],[16.977,-1.151],[16.846,-1.264],[16.504,-1.874],[16.56,-1.863],[16.612,-1.989],[16.945,-2.001],[16.943,-1.866],[16.847,-1.846],[16.828,-1.822],[16.794,-1.836],[16.79,-1.802],[16.811,-1.769],[16.858,-1.782],[16.941,-1.759],[17.064,-1.804],[17.094,-1.778],[17.114,-1.786],[17.506,-1.48],[17.502,-1.405],[17.544,-1.33],[17.557,-1.222],[17.711,-1.069],[17.81,-0.592],[17.742,-0.619],[17.73,-0.597],[17.779,-0.556]]]}},{"type":"Feature","properties":{"p":"CD2005"},"geometry":{"type":"Polygon","coordinates":[[[13.211,-5.345],[13.153,-5.328],[13.13,-5.299],[13.143,-5.251],[13.126,-5.26],[13.126,-5.234],[13.07,-5.211],[13.018,-5.237],[12.95,-5.183],[12.907,-5.185],[12.886,-5.153],[12.827,-5.185],[12.796,-5.098],[12.718,-5.138],[12.622,-5.155],[12.614,-5.131],[12.484,-5.141],[12.476,-5.155],[12.508,-5.16],[12.509,-5.664],[12.589,-5.646],[12.638,-5.674],[12.717,-5.66],[12.73,-5.641],[12.713,-5.573],[12.751,-5.515],[12.823,-5.535],[12.824,-5.472],[12.862,-5.499],[12.885,-5.454],[12.913,-5.501],[12.954,-5.523],[12.957,-5.632],[13.043,-5.603],[13.066,-5.639],[13.175,-5.649],[13.207,-5.627],[13.219,-5.573],[13.204,-5.531],[13.232,-5.483],[13.199,-5.417],[13.211,-5.345]]]}},{"type":"Feature","properties":{"p":"CD2010"},"geometry":{"type":"Polygon","coordinates":[[[14.43,-4.896],[14.402,-4.876],[14.424,-4.763],[14.38,-4.65],[14.395,-4.548],[14.428,-4.533],[14.433,-4.493],[14.481,-4.436],[14.399,-4.372],[14.419,-4.327],[14.382,-4.298],[14.314,-4.317],[14.156,-4.409],[14.017,-4.432],[13.944,-4.516],[13.872,-4.498],[13.81,-4.433],[13.736,-4.458],[13.73,-4.601],[13.703,-4.667],[13.732,-4.696],[13.717,-4.725],[13.681,-4.72],[13.69,-4.772],[13.643,-4.748],[13.6,-4.822],[13.528,-4.777],[13.503,-4.799],[13.502,-4.839],[13.376,-4.926],[13.436,-4.98],[13.451,-5.027],[13.507,-5.058],[13.501,-5.094],[13.566,-5.227],[13.593,-5.227],[13.634,-5.284],[13.716,-5.339],[13.767,-5.274],[13.821,-5.326],[13.859,-5.336],[13.872,-5.285],[13.888,-5.288],[13.884,-5.248],[13.971,-5.22],[14.0,-5.141],[13.986,-5.058],[14.015,-5.032],[14.064,-5.045],[14.194,-4.943],[14.283,-4.951],[14.43,-4.896]]]}},{"type":"Feature","properties":{"p":"CD8208"},"geometry":{"type":"Polygon","coordinates":[[[23.398,-5.782],[23.414,-5.804],[23.399,-5.822],[23.419,-5.905],[23.408,-5.978],[23.481,-6.056],[23.44,-6.108],[23.401,-6.083],[23.364,-6.078],[23.38,-6.095],[23.385,-6.191],[23.422,-6.32],[23.533,-6.419],[23.577,-6.321],[23.584,-6.23],[23.599,-6.232],[23.631,-6.172],[23.604,-6.155],[23.531,-6.158],[23.542,-6.053],[23.573,-6.054],[23.606,-6.087],[23.696,-6.1],[23.708,-6.031],[23.747,-6.031],[23.737,-5.995],[23.767,-5.963],[23.749,-5.945],[23.75,-5.897],[23.731,-5.894],[23.692,-5.837],[23.725,-5.775],[23.71,-5.758],[23.735,-5.714],[23.725,-5.676],[23.751,-5.643],[23.676,-5.629],[23.581,-5.692],[23.505,-5.684],[23.478,-5.742],[23.429,-5.744],[23.398,-5.782]]]}},{"type":"Feature","properties":{"p":"CD8302"},"geometry":{"type":"Polygon","coordinates":[[[23.758,-5.625],[23.712,-5.764],[23.766,-5.78],[23.812,-5.744],[23.848,-5.748],[23.827,-5.8],[23.881,-5.804],[23.9,-5.849],[23.958,-5.816],[24.008,-5.831],[24.067,-5.798],[24.188,-5.799],[24.2,-5.776],[24.172,-5.718],[24.17,-5.66],[24.062,-5.583],[24.045,-5.424],[24.066,-5.385],[24.078,-5.416],[24.108,-5.422],[24.126,-5.372],[24.031,-5.294],[24.09,-5.216],[24.053,-5.231],[23.996,-5.195],[23.881,-5.093],[23.873,-5.063],[23.923,-5.028],[23.908,-4.992],[23.924,-4.952],[23.973,-4.94],[24.04,-4.869],[23.871,-4.861],[23.702,-4.504],[23.717,-4.207],[23.676,-4.205],[23.656,-4.176],[23.609,-4.188],[23.572,-4.169],[23.539,-4.184],[23.487,-4.174],[23.436,-4.203],[23.443,-4.33],[23.376,-4.376],[23.304,-4.49],[23.225,-4.492],[23.214,-4.518],[23.097,-4.545],[23.188,-4.785],[22.942,-4.875],[22.926,-4.919],[22.975,-4.932],[22.926,-4.963],[22.905,-5.03],[23.025,-5.108],[23.15,-5.244],[23.185,-5.309],[23.314,-5.248],[23.383,-5.26],[23.424,-5.24],[23.436,-5.307],[23.705,-5.359],[23.714,-5.55],[23.758,-5.625]]]}},{"type":"Feature","properties":{"p":"CD2017"},"geometry":{"type":"Polygon","coordinates":[[[15.099,-5.184],[15.104,-5.219],[15.145,-5.219],[15.146,-5.238],[15.174,-5.229],[15.171,-5.253],[15.201,-5.275],[15.214,-5.353],[15.251,-5.379],[15.277,-5.433],[15.238,-5.47],[15.25,-5.48],[15.226,-5.498],[15.232,-5.519],[15.201,-5.524],[15.179,-5.562],[15.139,-5.578],[15.127,-5.64],[15.087,-5.695],[15.159,-5.802],[15.223,-5.855],[15.247,-5.837],[15.239,-5.867],[15.26,-5.855],[15.295,-5.88],[15.781,-5.878],[15.756,-5.863],[15.764,-5.702],[15.815,-5.697],[15.817,-5.663],[15.858,-5.649],[15.87,-5.602],[15.882,-5.486],[15.875,-5.366],[15.847,-5.299],[15.853,-5.247],[15.926,-5.247],[15.957,-5.07],[15.98,-5.014],[16.04,-4.977],[16.039,-4.958],[16.006,-4.972],[15.98,-4.947],[15.917,-4.957],[15.898,-4.893],[15.858,-4.859],[15.866,-4.873],[15.842,-4.889],[15.866,-4.948],[15.852,-5.001],[15.804,-5.048],[15.741,-5.042],[15.724,-5.134],[15.699,-5.164],[15.606,-5.153],[15.587,-5.127],[15.607,-5.103],[15.607,-5.05],[15.533,-5.046],[15.533,-5.004],[15.564,-4.965],[15.528,-4.935],[15.544,-4.875],[15.456,-4.896],[15.363,-4.945],[15.348,-4.997],[15.319,-4.961],[15.263,-4.978],[15.244,-4.956],[15.197,-4.96],[15.087,-4.926],[15.065,-4.935],[15.099,-4.998],[15.068,-5.016],[15.091,-5.035],[15.057,-5.071],[15.125,-5.112],[15.12,-5.168],[15.099,-5.184]]]}},{"type":"Feature","properties":{"p":"CD5407"},"geometry":{"type":"Polygon","coordinates":[[[30.145,2.507],[30.126,2.37],[30.173,2.381],[30.189,2.417],[30.252,2.379],[30.275,2.302],[30.315,2.317],[30.314,2.28],[30.351,2.271],[30.387,2.288],[30.44,2.232],[30.396,2.193],[30.404,2.18],[30.447,2.193],[30.449,2.156],[30.498,2.149],[30.54,2.192],[30.659,2.134],[30.73,2.132],[30.771,2.157],[30.871,2.112],[30.887,2.148],[30.912,2.141],[30.907,2.074],[30.965,2.003],[30.924,1.96],[30.916,1.915],[31.035,1.759],[31.245,2.017],[31.305,2.119],[31.305,2.157],[31.203,2.224],[31.199,2.296],[31.124,2.269],[31.076,2.303],[31.057,2.366],[30.985,2.409],[30.944,2.393],[30.935,2.338],[30.886,2.344],[30.834,2.426],[30.753,2.439],[30.755,2.588],[30.8,2.685],[30.752,2.729],[30.727,2.714],[30.679,2.749],[30.633,2.678],[30.607,2.674],[30.599,2.706],[30.642,2.759],[30.601,2.772],[30.563,2.713],[30.481,2.727],[30.437,2.814],[30.398,2.83],[30.365,2.89],[30.322,2.874],[30.365,2.86],[30.387,2.822],[30.382,2.79],[30.428,2.718],[30.443,2.599],[30.425,2.517],[30.392,2.473],[30.402,2.437],[30.387,2.397],[30.309,2.381],[30.306,2.459],[30.274,2.466],[30.254,2.431],[30.202,2.465],[30.173,2.462],[30.145,2.507]]]}},{"type":"Feature","properties":{"p":"CD4105"},"geometry":{"type":"Polygon","coordinates":[[[19.213,1.35],[19.209,1.577],[19.23,1.643],[19.318,1.709],[19.477,1.779],[19.8,1.831],[19.825,1.85],[19.814,1.9],[19.831,1.938],[19.858,1.958],[19.882,1.947],[19.905,2.007],[19.6,2.005],[19.45,2.039],[19.114,1.781],[18.686,1.501],[18.631,1.444],[18.382,1.053],[18.173,0.666],[18.171,0.489],[18.367,0.647],[18.361,0.687],[18.385,0.757],[18.685,1.037],[18.729,1.05],[18.89,1.173],[19.094,1.27],[19.213,1.35]]]}},{"type":"Feature","properties":{"p":"CD7305"},"geometry":{"type":"Polygon","coordinates":[[[26.753,-8.669],[26.773,-8.654],[26.831,-8.686],[26.826,-8.763],[26.843,-8.781],[26.956,-8.703],[26.968,-8.67],[27.085,-8.561],[27.072,-8.541],[27.006,-8.533],[27.015,-8.487],[27.226,-8.207],[27.298,-8.169],[27.366,-8.186],[27.502,-8.099],[27.56,-8.082],[27.641,-8.077],[27.682,-8.13],[27.675,-8.148],[27.703,-8.153],[27.699,-8.2],[27.736,-8.169],[27.838,-8.145],[27.853,-8.123],[27.709,-8.147],[27.828,-7.986],[27.853,-7.905],[27.848,-7.888],[27.808,-7.881],[27.808,-7.849],[27.789,-7.843],[27.774,-7.863],[27.704,-7.875],[27.64,-7.806],[27.632,-7.703],[27.674,-7.673],[27.592,-7.575],[27.598,-7.527],[27.575,-7.505],[27.511,-7.482],[27.498,-7.52],[27.443,-7.534],[27.439,-7.472],[27.354,-7.539],[27.285,-7.541],[27.234,-7.486],[27.225,-7.611],[27.088,-7.635],[26.956,-7.626],[26.925,-7.641],[26.808,-7.626],[26.826,-7.576],[26.785,-7.536],[26.736,-7.55],[26.699,-7.523],[26.692,-7.546],[26.661,-7.553],[26.651,-7.511],[26.54,-7.463],[26.521,-7.415],[26.496,-7.407],[26.471,-7.433],[26.435,-7.358],[26.422,-7.374],[26.438,-7.408],[26.418,-7.418],[26.358,-7.339],[26.318,-7.387],[26.239,-7.375],[26.104,-7.442],[26.068,-7.593],[26.025,-7.63],[26.035,-7.806],[25.996,-7.833],[26.016,-7.885],[26.004,-7.962],[26.031,-7.993],[26.025,-8.034],[26.086,-8.09],[26.112,-8.086],[26.127,-8.125],[26.151,-8.127],[26.147,-8.102],[26.175,-8.101],[26.176,-8.131],[26.29,-8.156],[26.287,-8.139],[26.304,-8.143],[26.276,-8.092],[26.278,-8.017],[26.319,-7.989],[26.332,-8.009],[26.367,-7.959],[26.406,-7.944],[26.416,-7.964],[26.393,-8.01],[26.469,-8.007],[26.498,-8.033],[26.519,-8.095],[26.606,-8.099],[26.685,-8.152],[26.776,-8.097],[26.803,-8.101],[26.813,-8.147],[26.833,-8.158],[26.813,-8.205],[26.747,-8.208],[26.661,-8.275],[26.671,-8.299],[26.622,-8.347],[26.63,-8.38],[26.562,-8.487],[26.588,-8.496],[26.702,-8.471],[26.74,-8.501],[26.763,-8.538],[26.755,-8.58],[26.777,-8.632],[26.755,-8.638],[26.753,-8.669]]]}},{"type":"Feature","properties":{"p":"CD5403"},"geometry":{"type":"Polygon","coordinates":[[[28.018,0.636],[28.043,0.64],[28.074,0.679],[28.338,0.698],[28.446,0.63],[28.505,0.567],[28.507,0.534],[28.555,0.544],[28.555,0.52],[28.632,0.545],[28.66,0.581],[28.901,0.588],[29.005,0.563],[29.104,0.654],[29.163,0.677],[29.177,0.648],[29.29,0.587],[29.281,0.618],[29.325,0.687],[29.34,0.656],[29.328,0.628],[29.381,0.596],[29.474,0.625],[29.47,0.649],[29.432,0.651],[29.347,0.71],[29.383,0.826],[29.368,0.871],[29.29,0.957],[29.313,0.991],[29.35,0.995],[29.374,1.044],[29.374,1.112],[29.405,1.171],[29.442,1.185],[29.436,1.201],[29.46,1.192],[29.481,1.28],[29.53,1.315],[29.545,1.361],[29.585,1.368],[29.587,1.407],[29.62,1.45],[29.725,1.437],[29.769,1.565],[29.818,1.591],[29.902,1.582],[29.931,1.65],[30.0,1.724],[29.989,1.779],[29.728,1.962],[29.691,2.076],[29.672,2.077],[29.624,2.156],[29.607,2.284],[29.645,2.271],[29.665,2.286],[29.641,2.325],[29.65,2.425],[29.632,2.491],[29.549,2.493],[29.41,2.424],[29.328,2.414],[29.272,2.444],[29.229,2.544],[29.209,2.538],[29.204,2.456],[29.175,2.401],[29.127,2.457],[29.094,2.452],[29.096,2.426],[29.072,2.437],[29.04,2.422],[29.032,2.395],[29.019,2.419],[28.99,2.407],[28.97,2.429],[29.001,2.344],[28.969,2.27],[28.753,2.304],[28.709,2.336],[28.777,2.227],[28.765,2.182],[28.636,2.241],[28.581,2.334],[28.4,2.252],[28.379,2.296],[28.314,2.336],[28.299,1.874],[28.191,1.796],[28.209,1.683],[27.982,1.756],[27.941,1.749],[27.938,1.721],[27.901,1.794],[27.878,1.779],[27.847,1.828],[27.783,1.829],[27.75,1.856],[27.682,1.808],[27.578,1.845],[27.553,1.773],[27.643,1.654],[27.642,1.572],[27.756,1.612],[27.807,1.545],[27.804,1.504],[27.751,1.474],[27.773,1.443],[27.65,1.478],[27.608,1.454],[27.584,1.462],[27.587,1.513],[27.552,1.555],[27.489,1.568],[27.447,1.555],[27.449,1.535],[27.494,1.426],[27.572,1.34],[27.599,1.341],[27.613,1.362],[27.634,1.341],[27.7,1.349],[27.783,1.301],[27.765,1.257],[27.784,1.229],[27.756,1.212],[27.771,1.15],[27.739,1.122],[27.741,1.068],[27.824,1.063],[27.853,1.039],[27.933,1.043],[27.878,0.946],[27.946,0.92],[27.974,0.94],[28.001,0.933],[27.954,0.846],[27.935,0.749],[28.018,0.636]]]}},{"type":"Feature","properties":{"p":"CD3208"},"geometry":{"type":"Polygon","coordinates":[[[19.524,-4.078],[19.551,-4.065],[19.546,-4.043],[19.515,-4.047],[19.524,-4.078]]]}},{"type":"Feature","properties":{"p":"CD7406"},"geometry":{"type":"Polygon","coordinates":[[[26.012,-6.683],[26.037,-6.751],[26.085,-6.764],[26.091,-6.79],[26.134,-6.795],[26.135,-6.814],[26.095,-6.811],[26.076,-6.863],[26.038,-6.879],[26.052,-6.9],[26.113,-6.916],[26.102,-6.96],[26.217,-6.943],[26.213,-6.987],[26.235,-7.031],[26.279,-7.043],[26.298,-7.013],[26.363,-7.05],[26.419,-7.037],[26.486,-7.062],[26.469,-7.144],[26.407,-7.161],[26.352,-7.327],[26.418,-7.418],[26.438,-7.408],[26.422,-7.374],[26.435,-7.358],[26.471,-7.433],[26.496,-7.407],[26.521,-7.415],[26.54,-7.463],[26.651,-7.511],[26.661,-7.553],[26.692,-7.546],[26.699,-7.523],[26.736,-7.55],[26.794,-7.54],[26.826,-7.576],[26.808,-7.626],[27.088,-7.635],[27.225,-7.611],[27.234,-7.486],[27.285,-7.541],[27.354,-7.539],[27.439,-7.472],[27.443,-7.534],[27.498,-7.52],[27.511,-7.482],[27.586,-7.513],[27.592,-7.575],[27.674,-7.673],[27.632,-7.703],[27.64,-7.806],[27.704,-7.875],[27.774,-7.863],[27.789,-7.843],[27.808,-7.849],[27.808,-7.881],[27.848,-7.888],[27.853,-7.905],[27.782,-8.06],[27.709,-8.135],[27.716,-8.156],[27.745,-8.13],[27.853,-8.123],[27.731,-8.233],[27.722,-8.248],[27.761,-8.241],[27.752,-8.287],[27.841,-8.181],[27.834,-8.246],[27.89,-8.242],[27.96,-8.272],[27.986,-8.229],[27.984,-8.361],[28.07,-8.412],[28.089,-8.404],[28.066,-8.344],[28.098,-8.359],[28.232,-8.249],[28.262,-8.254],[28.264,-8.281],[28.303,-8.28],[28.432,-8.167],[28.429,-8.048],[28.48,-8.009],[28.53,-7.891],[28.356,-7.776],[28.413,-7.687],[28.476,-7.665],[28.433,-7.608],[28.399,-7.603],[28.397,-7.581],[28.436,-7.518],[28.522,-7.533],[28.679,-7.512],[28.646,-7.37],[28.729,-7.351],[28.744,-7.299],[28.692,-7.271],[28.639,-7.198],[28.724,-7.215],[28.769,-7.205],[28.777,-7.182],[28.751,-7.156],[28.661,-7.136],[28.619,-7.002],[28.625,-6.933],[28.581,-6.936],[28.564,-6.917],[28.582,-6.721],[28.647,-6.663],[28.687,-6.575],[28.572,-6.561],[28.511,-6.589],[28.364,-6.558],[28.389,-6.648],[28.311,-6.709],[28.237,-6.659],[28.227,-6.613],[28.165,-6.631],[28.054,-6.596],[28.017,-6.552],[28.022,-6.509],[27.998,-6.502],[27.918,-6.556],[27.832,-6.54],[27.768,-6.559],[27.649,-6.551],[27.596,-6.604],[27.546,-6.621],[27.508,-6.71],[27.33,-6.629],[27.252,-6.643],[27.109,-6.623],[26.97,-6.64],[26.984,-6.452],[27.0,-6.452],[26.933,-6.43],[26.873,-6.454],[26.802,-6.45],[26.721,-6.486],[26.659,-6.537],[26.618,-6.649],[26.575,-6.679],[26.516,-6.606],[26.442,-6.582],[26.228,-6.613],[26.189,-6.642],[26.012,-6.683]]]}},{"type":"Feature","properties":{"p":"CD3212"},"geometry":{"type":"Polygon","coordinates":[[[17.826,-4.317],[17.748,-4.384],[17.709,-4.389],[17.675,-4.456],[17.663,-4.448],[17.672,-4.468],[17.647,-4.48],[17.677,-4.486],[17.696,-4.537],[17.635,-4.582],[17.638,-4.628],[17.578,-4.697],[17.541,-4.779],[17.547,-4.819],[17.5,-4.89],[17.502,-4.933],[17.519,-4.94],[17.505,-5.014],[17.53,-5.058],[17.514,-5.084],[17.545,-5.126],[17.482,-5.228],[17.468,-5.392],[17.487,-5.449],[17.476,-5.483],[17.534,-5.546],[17.516,-5.662],[17.54,-5.708],[17.613,-5.692],[17.642,-5.72],[17.679,-5.693],[17.783,-5.717],[17.85,-5.629],[17.913,-5.639],[17.914,-5.666],[17.964,-5.706],[18.028,-5.691],[18.032,-5.718],[18.093,-5.724],[18.09,-5.742],[18.119,-5.762],[18.1,-5.814],[18.129,-5.802],[18.14,-5.82],[18.135,-5.844],[18.097,-5.861],[18.104,-5.872],[18.173,-5.881],[18.186,-5.813],[18.223,-5.77],[18.25,-5.87],[18.275,-5.84],[18.275,-5.865],[18.309,-5.863],[18.397,-5.78],[18.413,-5.814],[18.447,-5.816],[18.49,-5.866],[18.539,-5.885],[18.571,-5.857],[18.571,-5.699],[18.503,-5.688],[18.46,-5.715],[18.392,-5.721],[18.37,-5.746],[18.35,-5.692],[18.299,-5.673],[18.322,-5.654],[18.343,-5.583],[18.368,-5.572],[18.369,-5.511],[18.389,-5.517],[18.402,-5.491],[18.443,-5.522],[18.478,-5.516],[18.496,-5.432],[18.554,-5.414],[18.546,-5.347],[18.561,-5.331],[18.591,-5.338],[18.588,-5.313],[18.642,-5.295],[18.631,-5.275],[18.66,-5.228],[18.629,-5.207],[18.527,-5.238],[18.479,-5.204],[18.308,-5.198],[18.355,-5.127],[18.338,-5.067],[18.35,-4.955],[18.337,-4.914],[18.303,-4.887],[18.366,-4.873],[18.375,-4.807],[18.303,-4.759],[18.291,-4.718],[18.233,-4.712],[18.187,-4.638],[18.139,-4.354],[18.142,-4.251],[18.121,-4.195],[18.016,-4.139],[17.978,-4.16],[17.985,-4.197],[17.962,-4.204],[17.967,-4.22],[17.917,-4.242],[17.883,-4.286],[17.865,-4.28],[17.849,-4.322],[17.826,-4.317]]]}},{"type":"Feature","properties":{"p":"CD6103"},"geometry":{"type":"Polygon","coordinates":[[[29.135,-1.641],[29.168,-1.583],[29.156,-1.532],[29.224,-1.467],[29.211,-1.394],[29.089,-1.334],[29.036,-1.273],[29.053,-1.227],[29.027,-1.191],[29.042,-1.156],[29.028,-1.087],[28.884,-0.991],[28.801,-0.97],[28.752,-1.008],[28.704,-1.004],[28.682,-1.069],[28.718,-1.164],[28.646,-1.211],[28.637,-1.321],[28.544,-1.483],[28.522,-1.481],[28.528,-1.648],[28.607,-1.703],[28.605,-1.721],[28.648,-1.729],[28.675,-1.77],[28.668,-1.74],[28.716,-1.78],[28.749,-1.782],[28.817,-1.767],[28.863,-1.707],[28.917,-1.742],[28.969,-1.742],[29.018,-1.675],[29.022,-1.621],[29.05,-1.584],[29.135,-1.641]]]}},{"type":"Feature","properties":{"p":"CD2001"},"geometry":{"type":"Polygon","coordinates":[[[13.474,-5.829],[13.465,-5.788],[13.436,-5.794],[13.43,-5.876],[13.551,-5.895],[13.474,-5.829]]]}},{"type":"Feature","properties":{"p":"CD4101"},"geometry":{"type":"Polygon","coordinates":[[[18.395,-0.036],[18.35,0.056],[18.3,0.077],[18.269,0.062],[18.183,-0.038],[18.101,-0.187],[18.118,-0.215],[18.183,-0.237],[18.267,-0.234],[18.357,-0.159],[18.36,-0.092],[18.395,-0.036]]]}},{"type":"Feature","properties":{"p":"CD2013"},"geometry":{"type":"Polygon","coordinates":[[[14.462,-5.617],[14.499,-5.62],[14.497,-5.65],[14.523,-5.676],[14.51,-5.696],[14.52,-5.722],[14.568,-5.742],[14.61,-5.704],[14.629,-5.707],[14.626,-5.748],[14.647,-5.78],[14.626,-5.803],[14.66,-5.848],[14.612,-5.911],[14.776,-5.86],[15.071,-5.858],[15.295,-5.88],[15.26,-5.855],[15.239,-5.867],[15.247,-5.837],[15.226,-5.855],[15.185,-5.823],[15.132,-5.742],[15.092,-5.715],[15.139,-5.578],[15.179,-5.562],[15.201,-5.524],[15.232,-5.519],[15.226,-5.498],[15.25,-5.48],[15.238,-5.47],[15.277,-5.433],[15.251,-5.379],[15.214,-5.353],[15.201,-5.275],[15.171,-5.253],[15.174,-5.229],[15.146,-5.238],[15.145,-5.219],[15.104,-5.219],[15.099,-5.184],[15.062,-5.155],[15.091,-5.087],[15.058,-5.075],[15.091,-5.035],[15.068,-5.016],[15.099,-4.998],[15.073,-4.942],[14.997,-4.9],[14.982,-4.854],[14.896,-4.773],[14.873,-4.768],[14.82,-4.843],[14.681,-4.924],[14.615,-4.918],[14.553,-4.868],[14.485,-4.85],[14.398,-4.92],[14.283,-4.951],[14.243,-4.937],[14.186,-4.951],[14.205,-4.965],[14.199,-4.989],[14.212,-4.974],[14.234,-5.001],[14.318,-5.033],[14.338,-5.069],[14.328,-5.102],[14.371,-5.135],[14.349,-5.157],[14.372,-5.168],[14.362,-5.224],[14.399,-5.268],[14.375,-5.317],[14.407,-5.413],[14.529,-5.383],[14.495,-5.405],[14.511,-5.439],[14.488,-5.454],[14.492,-5.534],[14.459,-5.567],[14.462,-5.617]]]}},{"type":"Feature","properties":{"p":"CD8201"},"geometry":{"type":"Polygon","coordinates":[[[23.682,-6.118],[23.542,-6.053],[23.531,-6.158],[23.656,-6.17],[23.673,-6.158],[23.639,-6.137],[23.682,-6.118]]]}},{"type":"Feature","properties":{"p":"CD8205"},"geometry":{"type":"Polygon","coordinates":[[[23.131,-6.428],[23.168,-6.504],[23.18,-6.607],[23.256,-6.588],[23.322,-6.536],[23.443,-6.533],[23.465,-6.415],[23.484,-6.417],[23.498,-6.449],[23.522,-6.441],[23.498,-6.381],[23.422,-6.32],[23.376,-6.085],[23.338,-6.011],[23.291,-5.978],[23.286,-6.008],[23.25,-6.034],[23.261,-6.048],[23.238,-6.058],[23.251,-6.073],[23.234,-6.095],[23.231,-6.077],[23.203,-6.083],[23.217,-6.119],[23.189,-6.211],[23.161,-6.24],[23.158,-6.332],[23.149,-6.38],[23.133,-6.385],[23.149,-6.415],[23.131,-6.428]]]}},{"type":"Feature","properties":{"p":"CD7108"},"geometry":{"type":"Polygon","coordinates":[[[26.321,-9.619],[26.353,-9.651],[26.331,-9.679],[26.34,-9.718],[26.292,-9.764],[26.267,-9.822],[26.283,-9.884],[26.317,-9.857],[26.36,-9.854],[26.43,-9.898],[26.479,-9.891],[26.599,-9.921],[26.773,-9.913],[26.782,-9.979],[26.747,-10.006],[26.79,-10.024],[26.831,-10.012],[26.855,-9.978],[26.886,-9.986],[26.886,-9.962],[26.931,-9.975],[26.949,-9.954],[27.006,-9.943],[27.016,-9.919],[27.07,-9.916],[27.064,-9.969],[27.099,-10.034],[27.048,-10.098],[27.229,-10.064],[27.308,-9.996],[27.479,-9.973],[27.556,-9.993],[27.573,-10.025],[27.528,-10.102],[27.598,-10.15],[27.644,-10.104],[27.733,-10.096],[27.808,-9.89],[27.807,-9.822],[27.705,-9.65],[27.727,-9.51],[27.756,-9.468],[27.749,-9.423],[27.785,-9.387],[27.802,-9.311],[27.7,-9.235],[27.638,-9.156],[27.671,-9.077],[27.783,-9.003],[27.795,-8.941],[27.775,-8.878],[27.655,-8.866],[27.613,-8.837],[27.615,-8.794],[27.683,-8.718],[27.647,-8.609],[27.735,-8.532],[27.788,-8.52],[27.832,-8.452],[27.97,-8.392],[27.986,-8.229],[27.96,-8.272],[27.89,-8.242],[27.834,-8.246],[27.841,-8.181],[27.752,-8.287],[27.761,-8.241],[27.722,-8.248],[27.731,-8.233],[27.838,-8.145],[27.736,-8.169],[27.699,-8.2],[27.703,-8.153],[27.682,-8.157],[27.682,-8.13],[27.635,-8.076],[27.502,-8.099],[27.366,-8.186],[27.306,-8.167],[27.226,-8.207],[27.015,-8.487],[27.006,-8.533],[27.072,-8.541],[27.085,-8.561],[26.968,-8.67],[26.956,-8.703],[26.843,-8.781],[26.826,-8.763],[26.835,-8.697],[26.818,-8.671],[26.773,-8.654],[26.753,-8.669],[26.77,-8.683],[26.76,-8.691],[26.732,-8.671],[26.716,-8.69],[26.714,-8.792],[26.732,-8.833],[26.68,-8.899],[26.673,-9.007],[26.608,-9.07],[26.562,-9.089],[26.465,-9.217],[26.502,-9.264],[26.465,-9.373],[26.48,-9.441],[26.336,-9.593],[26.321,-9.619]]]}},{"type":"Feature","properties":{"p":"CD2003"},"geometry":{"type":"Polygon","coordinates":[[[13.101,-5.879],[13.118,-5.9],[13.225,-5.857],[13.358,-5.904],[13.398,-5.774],[13.362,-5.64],[13.31,-5.629],[13.282,-5.664],[13.284,-5.609],[13.205,-5.612],[13.203,-5.633],[13.154,-5.655],[13.142,-5.635],[13.066,-5.639],[13.043,-5.603],[12.957,-5.632],[12.954,-5.523],[12.913,-5.501],[12.885,-5.454],[12.862,-5.499],[12.824,-5.472],[12.823,-5.535],[12.751,-5.515],[12.713,-5.573],[12.73,-5.641],[12.717,-5.66],[12.638,-5.674],[12.589,-5.646],[12.509,-5.664],[12.508,-5.754],[12.206,-5.778],[12.442,-6.058],[12.626,-6.002],[12.688,-6.003],[12.744,-5.962],[12.822,-5.953],[12.849,-5.915],[12.986,-5.889],[13.004,-5.864],[12.984,-5.86],[12.998,-5.767],[13.109,-5.76],[13.101,-5.879]]]}},{"type":"Feature","properties":{"p":"CD7404"},"geometry":{"type":"Polygon","coordinates":[[[28.66,-7.13],[28.714,-7.159],[28.751,-7.156],[28.777,-7.182],[28.769,-7.205],[28.724,-7.215],[28.639,-7.198],[28.692,-7.271],[28.744,-7.299],[28.729,-7.351],[28.646,-7.37],[28.679,-7.512],[28.522,-7.533],[28.436,-7.518],[28.395,-7.592],[28.433,-7.608],[28.472,-7.656],[28.548,-7.623],[28.603,-7.653],[28.633,-7.685],[28.623,-7.748],[28.649,-7.821],[28.686,-7.835],[28.656,-7.893],[28.747,-7.916],[28.779,-7.976],[28.83,-7.976],[28.854,-7.958],[28.903,-7.823],[28.962,-7.87],[29.028,-7.873],[29.02,-7.89],[29.04,-7.892],[29.113,-7.865],[29.117,-7.832],[29.096,-7.807],[29.113,-7.78],[29.095,-7.768],[29.111,-7.751],[29.148,-7.74],[29.207,-7.782],[29.263,-7.729],[29.359,-7.757],[29.439,-7.73],[29.443,-7.78],[29.464,-7.793],[29.454,-7.814],[29.484,-7.813],[29.494,-7.871],[29.518,-7.871],[29.567,-7.82],[29.626,-7.935],[29.662,-7.933],[29.667,-8.01],[29.639,-8.092],[29.575,-8.119],[29.579,-8.174],[29.543,-8.181],[29.532,-8.153],[29.52,-8.187],[29.563,-8.345],[29.628,-8.395],[30.793,-8.272],[30.737,-8.105],[30.638,-7.957],[30.514,-7.603],[30.276,-7.103],[30.136,-6.891],[29.792,-6.609],[29.655,-6.413],[29.54,-6.468],[29.478,-6.522],[29.421,-6.523],[29.373,-6.565],[29.296,-6.703],[29.206,-6.747],[29.131,-6.834],[29.117,-6.894],[29.078,-6.949],[28.935,-6.908],[28.974,-6.99],[28.939,-7.022],[28.933,-7.121],[28.899,-7.101],[28.786,-7.112],[28.752,-7.095],[28.66,-7.13]],[[29.799,-7.052],[29.769,-7.064],[29.754,-7.044],[29.786,-7.029],[29.799,-7.052]]]}},{"type":"Feature","properties":{"p":"CD4302"},"geometry":{"type":"Polygon","coordinates":[[[20.362,3.965],[20.473,3.874],[20.649,3.78],[20.691,3.716],[20.724,3.708],[20.719,3.666],[20.811,3.583],[20.933,3.755],[20.98,3.789],[21.021,3.788],[21.019,3.814],[21.06,3.862],[21.246,3.879],[21.333,3.817],[21.362,3.819],[21.474,3.851],[21.526,3.977],[21.68,3.993],[21.822,3.971],[21.871,3.985],[21.939,4.11],[21.965,4.225],[21.859,4.24],[21.772,4.27],[21.735,4.304],[21.651,4.309],[21.565,4.247],[21.451,4.265],[21.432,4.284],[21.377,4.278],[21.282,4.338],[21.211,4.287],[21.119,4.336],[21.057,4.399],[21.056,4.315],[21.078,4.26],[21.042,4.208],[20.977,4.15],[20.994,4.184],[20.953,4.166],[20.954,4.137],[20.865,4.062],[20.811,4.068],[20.767,4.156],[20.736,4.296],[20.71,4.308],[20.7,4.344],[20.636,4.372],[20.624,4.402],[20.533,4.442],[20.462,4.503],[20.461,4.606],[20.405,4.677],[20.379,4.619],[20.362,3.965]]]}},{"type":"Feature","properties":{"p":"CD5404"},"geometry":{"type":"Polygon","coordinates":[[[30.235,1.804],[30.251,1.81],[30.242,1.833],[30.221,1.825],[30.235,1.804]]]}},{"type":"Feature","properties":{"p":"CD4507"},"geometry":{"type":"Polygon","coordinates":[[[20.284,-0.666],[20.254,-0.758],[20.137,-0.945],[20.138,-0.987],[20.162,-1.019],[20.092,-1.065],[19.909,-1.107],[19.848,-1.158],[19.711,-1.171],[19.682,-1.156],[19.671,-1.05],[19.689,-0.992],[19.602,-0.978],[19.61,-1.171],[19.514,-1.257],[19.433,-1.425],[19.495,-1.572],[19.489,-1.643],[19.52,-1.71],[19.503,-1.774],[19.543,-1.8],[19.601,-1.802],[19.634,-1.778],[19.653,-1.697],[19.732,-1.578],[19.84,-1.663],[19.914,-1.892],[20.154,-1.919],[20.236,-1.987],[20.247,-2.029],[20.316,-2.053],[20.398,-2.12],[20.507,-2.072],[20.543,-2.031],[20.625,-2.013],[20.658,-1.961],[20.768,-2.112],[20.844,-2.193],[20.889,-2.215],[20.961,-2.347],[21.012,-2.384],[21.016,-2.494],[21.202,-2.513],[21.391,-2.473],[21.443,-2.498],[21.413,-2.446],[21.41,-2.31],[21.561,-2.379],[21.595,-2.419],[21.646,-2.431],[21.681,-2.469],[21.844,-2.532],[21.992,-2.394],[22.061,-2.301],[22.093,-2.307],[22.094,-2.363],[22.149,-2.449],[22.221,-2.41],[22.134,-1.877],[22.195,-1.811],[22.149,-1.77],[22.14,-1.73],[21.979,-1.523],[21.925,-1.507],[21.867,-1.302],[21.762,-1.212],[21.822,-1.091],[21.807,-1.079],[21.825,-1.061],[21.803,-1.042],[21.797,-1.056],[21.795,-1.031],[21.734,-0.993],[21.712,-1.068],[21.565,-1.17],[21.427,-1.2],[21.393,-1.159],[21.357,-1.165],[21.329,-1.135],[21.243,-1.122],[21.118,-1.051],[21.044,-1.035],[20.976,-0.971],[20.918,-0.989],[20.882,-0.946],[20.806,-0.969],[20.734,-0.948],[20.706,-0.913],[20.66,-0.917],[20.631,-0.868],[20.537,-0.814],[20.549,-0.796],[20.485,-0.794],[20.489,-0.775],[20.461,-0.763],[20.402,-0.769],[20.365,-0.697],[20.324,-0.709],[20.284,-0.666]]]}},{"type":"Feature","properties":{"p":"CD3311"},"geometry":{"type":"Polygon","coordinates":[[[16.714,-3.019],[16.858,-3.046],[17.106,-2.978],[17.186,-3.015],[17.251,-3.003],[17.329,-2.931],[17.341,-2.886],[17.452,-2.85],[17.463,-2.829],[17.486,-2.837],[17.571,-2.809],[17.608,-2.758],[17.597,-2.694],[17.675,-2.689],[17.721,-2.651],[17.763,-2.506],[17.801,-2.484],[17.82,-2.425],[17.858,-2.399],[17.856,-2.333],[17.916,-2.197],[17.902,-2.125],[17.948,-2.048],[17.95,-2.001],[17.833,-2.015],[17.658,-2.073],[17.459,-2.103],[17.395,-2.091],[17.3,-2.128],[17.291,-2.155],[17.224,-2.199],[17.134,-2.146],[17.06,-2.211],[16.923,-2.274],[16.874,-2.261],[16.822,-2.196],[16.724,-2.182],[16.692,-2.195],[16.674,-2.229],[16.679,-2.276],[16.634,-2.331],[16.534,-2.295],[16.479,-2.236],[16.434,-2.22],[16.464,-2.33],[16.44,-2.412],[16.46,-2.444],[16.532,-2.428],[16.52,-2.51],[16.555,-2.573],[16.537,-2.617],[16.495,-2.651],[16.592,-2.717],[16.65,-2.863],[16.707,-2.931],[16.714,-3.019]]]}},{"type":"Feature","properties":{"p":"CD7202"},"geometry":{"type":"Polygon","coordinates":[[[24.176,-11.023],[24.288,-11.034],[24.385,-11.083],[24.407,-11.131],[24.406,-11.263],[24.375,-11.339],[24.296,-11.387],[24.374,-11.4],[24.456,-11.457],[24.594,-11.444],[24.611,-11.411],[24.754,-11.307],[24.843,-11.308],[24.874,-11.278],[24.93,-11.27],[25.154,-11.269],[25.347,-11.226],[25.291,-11.39],[25.316,-11.466],[25.32,-11.564],[25.373,-11.644],[25.475,-11.678],[25.508,-11.73],[25.545,-11.733],[25.608,-11.653],[25.674,-11.632],[25.688,-11.554],[25.729,-11.523],[25.735,-11.478],[25.775,-11.458],[25.781,-11.407],[25.758,-11.4],[25.757,-11.339],[25.815,-11.261],[25.791,-11.204],[25.794,-11.133],[25.849,-11.097],[25.877,-11.016],[25.947,-10.952],[25.888,-10.713],[25.912,-10.672],[25.849,-10.523],[25.842,-10.385],[25.793,-10.338],[25.802,-10.259],[25.761,-10.217],[25.697,-10.229],[25.647,-10.269],[25.661,-10.2],[25.645,-10.182],[25.617,-10.184],[25.589,-10.231],[25.541,-10.24],[25.484,-10.216],[25.47,-10.176],[25.424,-10.163],[25.4,-10.203],[25.449,-10.245],[25.456,-10.292],[25.414,-10.344],[25.318,-10.36],[25.293,-10.324],[25.232,-10.294],[25.176,-10.301],[25.169,-10.232],[25.095,-10.179],[25.079,-10.1],[25.056,-10.073],[24.93,-10.13],[24.843,-10.024],[24.844,-10.06],[24.815,-10.083],[24.752,-10.06],[24.712,-9.993],[24.693,-10.051],[24.625,-10.064],[24.576,-10.098],[24.542,-10.044],[24.466,-9.981],[24.415,-10.06],[24.415,-10.108],[24.36,-9.983],[24.325,-9.992],[24.292,-10.045],[24.264,-10.006],[24.227,-9.993],[24.137,-10.009],[24.114,-10.039],[24.139,-10.055],[24.144,-10.095],[24.108,-10.125],[24.113,-10.179],[24.143,-10.217],[24.119,-10.262],[24.151,-10.315],[24.212,-10.332],[24.214,-10.372],[24.24,-10.37],[24.247,-10.39],[24.291,-10.384],[24.311,-10.458],[24.313,-10.601],[24.363,-10.71],[24.359,-10.743],[24.398,-10.784],[24.405,-10.865],[24.367,-10.893],[24.264,-10.892],[24.241,-10.974],[24.179,-10.992],[24.176,-11.023]],[[25.559,-10.712],[25.516,-10.772],[25.533,-10.805],[25.451,-10.801],[25.45,-10.776],[25.411,-10.753],[25.435,-10.71],[25.559,-10.712]]]}},{"type":"Feature","properties":{"p":"CD9207"},"geometry":{"type":"Polygon","coordinates":[[[20.651,-4.155],[20.631,-4.207],[20.67,-4.234],[20.72,-4.233],[20.716,-4.278],[20.831,-4.276],[20.832,-4.313],[20.864,-4.313],[20.889,-4.343],[20.904,-4.444],[20.826,-4.507],[20.819,-4.554],[20.931,-4.62],[21.046,-4.632],[21.071,-4.678],[21.048,-4.746],[21.074,-4.852],[21.063,-4.917],[21.136,-5.113],[21.212,-5.18],[21.237,-5.238],[21.283,-5.277],[21.3,-5.271],[21.368,-5.342],[21.446,-5.331],[21.452,-5.309],[21.517,-5.311],[21.549,-5.344],[21.579,-5.315],[21.612,-5.328],[21.638,-5.296],[21.638,-5.233],[21.69,-5.13],[21.69,-5.055],[21.802,-5.083],[21.824,-5.026],[21.88,-5.018],[21.868,-5.048],[21.932,-5.079],[22.02,-5.07],[22.035,-5.138],[22.073,-5.115],[22.127,-4.979],[22.104,-4.963],[22.105,-4.919],[22.079,-4.883],[22.121,-4.838],[22.223,-4.782],[22.226,-4.751],[22.202,-4.722],[22.248,-4.703],[22.286,-4.626],[22.37,-4.643],[22.424,-4.621],[22.461,-4.508],[22.529,-4.444],[22.525,-4.199],[22.467,-4.159],[22.403,-4.144],[22.33,-4.08],[22.305,-4.022],[22.273,-3.998],[22.163,-4.04],[22.118,-4.024],[22.092,-3.987],[21.995,-3.961],[21.919,-3.999],[21.855,-3.973],[21.83,-3.983],[21.831,-3.96],[21.8,-3.958],[21.781,-3.964],[21.776,-3.99],[21.743,-3.984],[21.7,-4.019],[21.656,-4.013],[21.593,-4.054],[21.58,-4.031],[21.556,-4.062],[21.448,-4.076],[21.376,-4.013],[21.166,-3.967],[21.035,-4.012],[20.941,-4.075],[20.922,-4.119],[20.814,-4.107],[20.742,-4.145],[20.651,-4.155]]]}},{"type":"Feature","properties":{"p":"CD8103"},"geometry":{"type":"Polygon","coordinates":[[[23.433,-6.931],[23.408,-7.03],[23.479,-7.043],[23.553,-7.003],[23.529,-6.941],[23.433,-6.931]]]}},{"type":"Feature","properties":{"p":"CD6212"},"geometry":{"type":"Polygon","coordinates":[[[28.828,-3.597],[28.842,-3.45],[28.888,-3.4],[28.871,-3.363],[28.892,-3.319],[28.79,-3.198],[28.784,-3.123],[28.82,-3.032],[28.799,-2.882],[28.743,-2.798],[28.711,-2.809],[28.68,-2.778],[28.653,-2.842],[28.627,-2.83],[28.565,-2.867],[28.538,-2.82],[28.514,-2.842],[28.479,-2.801],[28.448,-2.819],[28.44,-2.795],[28.405,-2.783],[28.347,-2.839],[28.318,-2.828],[28.273,-2.85],[28.224,-2.836],[28.171,-2.903],[28.046,-2.884],[28.029,-2.947],[27.988,-2.988],[27.959,-2.992],[27.947,-2.962],[27.873,-2.972],[27.876,-3.059],[27.815,-3.137],[27.817,-3.192],[27.776,-3.293],[27.731,-3.31],[27.735,-3.406],[27.698,-3.473],[27.71,-3.513],[27.755,-3.526],[27.755,-3.51],[27.838,-3.5],[27.885,-3.463],[27.898,-3.472],[27.904,-3.447],[27.96,-3.451],[27.987,-3.432],[28.029,-3.504],[28.009,-3.554],[28.05,-3.586],[28.025,-3.621],[28.082,-3.677],[28.084,-3.717],[28.148,-3.742],[28.157,-3.784],[28.203,-3.835],[28.299,-3.818],[28.35,-3.854],[28.431,-3.853],[28.455,-3.796],[28.481,-3.908],[28.562,-3.827],[28.586,-3.885],[28.684,-3.776],[28.716,-3.773],[28.702,-3.793],[28.732,-3.865],[28.712,-3.918],[28.733,-3.998],[28.771,-3.962],[28.814,-3.986],[28.854,-3.821],[28.844,-3.807],[28.828,-3.819],[28.742,-3.739],[28.698,-3.662],[28.717,-3.614],[28.784,-3.652],[28.796,-3.607],[28.828,-3.597]],[[28.182,-3.049],[28.207,-3.049],[28.203,-3.078],[28.178,-3.072],[28.182,-3.049]]]}},{"type":"Feature","properties":{"p":"CD6310"},"geometry":{"type":"Polygon","coordinates":[[[27.605,-4.014],[27.581,-3.995],[27.552,-3.993],[27.568,-4.026],[27.605,-4.014]]]}},{"type":"Feature","properties":{"p":"CD8106"},"geometry":{"type":"Polygon","coordinates":[[[24.107,-6.344],[24.066,-6.38],[23.94,-6.412],[23.905,-6.387],[23.853,-6.393],[23.839,-6.368],[23.813,-6.404],[23.794,-6.397],[23.805,-6.44],[23.766,-6.508],[23.786,-6.522],[23.767,-6.581],[23.748,-6.581],[23.74,-6.631],[23.786,-6.667],[23.755,-6.675],[23.728,-6.719],[23.734,-6.744],[23.806,-6.757],[23.815,-6.79],[23.873,-6.805],[23.862,-6.847],[23.905,-6.863],[23.926,-6.9],[24.038,-6.887],[24.072,-6.93],[24.177,-6.906],[24.228,-6.974],[24.226,-7.017],[24.266,-7.017],[24.345,-7.059],[24.483,-7.054],[24.505,-7.044],[24.524,-6.988],[24.554,-7.013],[24.644,-6.98],[24.656,-6.951],[24.698,-6.948],[24.749,-6.89],[24.781,-6.89],[24.847,-6.827],[24.841,-6.795],[24.876,-6.758],[24.932,-6.746],[24.922,-6.694],[24.832,-6.708],[24.758,-6.699],[24.725,-6.67],[24.656,-6.696],[24.63,-6.582],[24.418,-6.604],[24.345,-6.505],[24.339,-6.462],[24.269,-6.45],[24.256,-6.475],[24.185,-6.494],[24.119,-6.426],[24.131,-6.374],[24.107,-6.344]]]}},{"type":"Feature","properties":{"p":"CD5303"},"geometry":{"type":"Polygon","coordinates":[[[27.323,3.795],[27.342,3.732],[27.322,3.655],[27.367,3.623],[27.374,3.548],[27.298,3.451],[27.273,3.332],[27.243,3.297],[27.246,3.277],[27.283,3.279],[27.3,3.227],[27.391,3.246],[27.384,3.264],[27.404,3.274],[27.421,3.253],[27.422,3.283],[27.457,3.287],[27.462,3.307],[27.476,3.278],[27.506,3.299],[27.581,3.294],[27.592,3.318],[27.645,3.299],[27.654,3.319],[27.754,3.297],[27.777,3.31],[27.805,3.295],[27.8,3.281],[27.831,3.277],[27.849,3.193],[27.923,3.187],[27.948,3.137],[27.987,3.133],[27.974,3.119],[28.009,3.098],[28.002,3.074],[28.064,3.049],[28.13,2.988],[28.198,2.983],[28.227,3.015],[28.255,2.95],[28.331,2.946],[28.326,3.04],[28.303,3.039],[28.29,3.068],[28.322,3.175],[28.372,3.242],[28.368,3.323],[28.445,3.295],[28.528,3.323],[28.494,3.363],[28.506,3.376],[28.472,3.385],[28.542,3.613],[28.367,3.666],[28.33,3.605],[28.279,3.591],[28.255,3.606],[28.224,3.689],[28.185,3.719],[28.046,3.747],[28.098,3.746],[28.147,3.77],[28.152,3.792],[28.14,3.808],[28.086,3.811],[28.051,3.844],[28.037,3.922],[27.961,3.999],[27.959,4.055],[27.892,4.038],[27.816,4.067],[27.798,4.058],[27.786,3.977],[27.745,3.974],[27.749,3.954],[27.718,3.958],[27.704,3.934],[27.611,3.93],[27.599,3.886],[27.559,3.887],[27.529,3.834],[27.496,3.84],[27.459,3.818],[27.466,3.775],[27.431,3.812],[27.373,3.784],[27.323,3.795]]]}},{"type":"Feature","properties":{"p":"CD3305"},"geometry":{"type":"Polygon","coordinates":[[[17.705,-2.666],[17.675,-2.689],[17.637,-2.691],[17.689,-2.728],[17.713,-2.705],[17.705,-2.666]]]}},{"type":"Feature","properties":{"p":"CD6102"},"geometry":{"type":"Polygon","coordinates":[[[29.252,-1.662],[29.349,-1.546],[29.378,-1.528],[29.444,-1.53],[29.486,-1.477],[29.254,-1.469],[29.218,-1.438],[29.224,-1.467],[29.156,-1.532],[29.168,-1.583],[29.153,-1.61],[29.252,-1.662]]]}},{"type":"Feature","properties":{"p":"CD7410"},"geometry":{"type":"Polygon","coordinates":[[[28.022,-6.509],[28.017,-6.552],[28.054,-6.596],[28.165,-6.631],[28.227,-6.613],[28.237,-6.659],[28.3,-6.707],[28.389,-6.648],[28.388,-6.604],[28.341,-6.537],[28.395,-6.451],[28.397,-6.414],[28.377,-6.388],[28.287,-6.378],[28.31,-6.298],[28.286,-6.233],[28.398,-6.126],[28.314,-6.11],[28.261,-6.119],[28.111,-6.012],[28.151,-5.864],[28.065,-5.766],[28.096,-5.735],[28.032,-5.672],[28.19,-5.632],[28.217,-5.692],[28.301,-5.756],[28.351,-5.733],[28.443,-5.783],[28.603,-5.808],[28.523,-5.654],[28.492,-5.628],[28.499,-5.585],[28.458,-5.524],[28.508,-5.437],[28.603,-5.353],[28.614,-5.316],[28.52,-5.314],[28.562,-5.265],[28.544,-5.21],[28.451,-5.205],[28.392,-5.179],[28.384,-5.154],[28.456,-5.079],[28.407,-5.02],[27.674,-5.01],[27.694,-5.059],[27.685,-5.111],[27.715,-5.146],[27.703,-5.218],[27.732,-5.264],[27.667,-5.304],[27.67,-5.367],[27.6,-5.455],[27.584,-5.506],[27.518,-5.53],[27.487,-5.511],[27.327,-5.579],[27.049,-5.754],[27.141,-5.801],[27.156,-5.823],[27.142,-5.841],[27.185,-5.874],[27.172,-5.991],[27.228,-6.019],[27.438,-6.035],[27.463,-6.124],[27.486,-6.1],[27.544,-6.137],[27.602,-6.113],[27.689,-6.114],[27.774,-6.206],[27.878,-6.438],[27.97,-6.441],[28.022,-6.509]]]}},{"type":"Feature","properties":{"p":"CD6107"},"geometry":{"type":"Polygon","coordinates":[[[29.361,0.067],[29.39,0.047],[29.374,-0.041],[29.415,-0.043],[29.41,-0.136],[29.445,-0.126],[29.539,-0.152],[29.643,-0.129],[29.702,-0.066],[29.753,-0.078],[29.744,-0.041],[29.76,-0.017],[29.731,0.065],[29.748,0.107],[29.839,0.184],[29.883,0.386],[29.96,0.407],[29.992,0.482],[29.959,0.615],[29.911,0.654],[29.988,0.833],[29.907,0.805],[29.86,0.897],[29.861,0.954],[29.808,0.911],[29.756,0.908],[29.727,0.866],[29.696,0.868],[29.659,0.908],[29.627,0.882],[29.623,0.853],[29.56,0.875],[29.523,0.861],[29.537,0.789],[29.495,0.801],[29.486,0.842],[29.458,0.86],[29.405,0.81],[29.37,0.822],[29.37,0.747],[29.347,0.71],[29.432,0.651],[29.47,0.649],[29.474,0.625],[29.457,0.615],[29.381,0.596],[29.328,0.628],[29.34,0.656],[29.325,0.687],[29.281,0.618],[29.29,0.587],[29.177,0.648],[29.163,0.677],[29.073,0.629],[29.008,0.501],[29.027,0.464],[28.999,0.423],[29.011,0.402],[29.081,0.383],[29.115,0.329],[29.058,0.29],[29.134,0.278],[29.152,0.193],[29.189,0.168],[29.219,0.176],[29.249,0.213],[29.332,0.192],[29.365,0.11],[29.361,0.067]],[[29.384,0.545],[29.48,0.55],[29.499,0.585],[29.535,0.581],[29.552,0.474],[29.513,0.389],[29.403,0.38],[29.355,0.466],[29.354,0.504],[29.384,0.545]]]}},{"type":"Feature","properties":{"p":"CD5103"},"geometry":{"type":"Polygon","coordinates":[[[24.406,-1.652],[24.515,-1.904],[24.598,-1.981],[25.024,-1.969],[25.013,-1.95],[25.033,-1.887],[25.009,-1.863],[25.012,-1.83],[25.052,-1.702],[25.013,-1.602],[25.048,-1.532],[25.017,-1.507],[25.007,-1.435],[25.075,-1.418],[25.149,-1.354],[25.115,-1.322],[25.066,-1.173],[24.92,-1.052],[24.814,-0.927],[24.649,-0.814],[24.562,-0.691],[24.503,-0.511],[24.423,-0.414],[24.412,-0.352],[24.37,-0.29],[24.484,-0.267],[24.745,-0.307],[24.771,-0.328],[25.027,0.138],[25.026,0.341],[24.968,0.458],[24.9,0.468],[24.722,0.561],[24.638,0.406],[24.543,0.346],[24.494,0.347],[24.496,0.361],[24.54,0.415],[24.597,0.428],[24.624,0.454],[24.607,0.54],[24.534,0.486],[24.457,0.479],[24.414,0.3],[24.363,0.337],[24.341,0.382],[24.305,0.173],[24.254,0.19],[24.17,0.105],[24.263,0.003],[24.273,-0.041],[24.134,-0.162],[24.111,-0.173],[24.083,-0.156],[24.022,-0.177],[24.048,-0.256],[23.869,-0.299],[23.829,-0.288],[23.74,-0.376],[23.688,-0.39],[23.505,-0.387],[23.411,-0.409],[23.455,-0.452],[23.474,-0.544],[23.539,-0.595],[23.534,-0.613],[23.398,-0.65],[23.333,-0.692],[23.313,-0.757],[23.278,-0.746],[23.255,-0.761],[23.386,-0.898],[23.51,-0.986],[23.639,-1.011],[23.671,-1.075],[23.651,-1.149],[23.702,-1.15],[23.8,-1.188],[23.842,-1.279],[23.898,-1.311],[23.934,-1.379],[24.072,-1.307],[24.126,-1.323],[24.36,-1.325],[24.406,-1.652]]]}},{"type":"Feature","properties":{"p":"CD3304"},"geometry":{"type":"Polygon","coordinates":[[[21.016,-2.494],[21.012,-2.384],[20.961,-2.347],[20.889,-2.215],[20.844,-2.193],[20.768,-2.112],[20.658,-1.961],[20.625,-2.013],[20.543,-2.031],[20.507,-2.072],[20.398,-2.12],[20.316,-2.053],[20.247,-2.029],[20.236,-1.987],[20.154,-1.919],[19.928,-1.897],[19.95,-1.976],[19.884,-1.991],[19.876,-2.038],[19.818,-2.048],[19.749,-2.14],[19.408,-2.291],[19.3,-2.277],[19.351,-2.384],[19.341,-2.436],[19.382,-2.453],[19.329,-2.553],[19.326,-2.699],[19.282,-2.712],[19.269,-2.76],[19.042,-2.566],[19.027,-2.622],[19.047,-2.948],[18.982,-3.036],[18.895,-3.074],[18.846,-3.177],[18.874,-3.222],[18.946,-3.213],[18.997,-3.241],[18.991,-3.272],[18.932,-3.322],[18.858,-3.431],[18.867,-3.471],[18.927,-3.546],[18.904,-3.67],[19.065,-3.754],[19.263,-3.827],[19.569,-4.004],[19.605,-4.042],[19.856,-4.092],[19.891,-4.143],[19.98,-4.184],[20.038,-4.286],[20.13,-4.294],[20.17,-4.34],[20.231,-4.349],[20.234,-4.382],[20.26,-4.397],[20.308,-4.384],[20.353,-4.399],[20.383,-4.3],[20.416,-4.284],[20.469,-4.295],[20.485,-4.266],[20.606,-4.221],[20.631,-4.207],[20.656,-4.148],[20.627,-3.316],[20.672,-3.151],[20.807,-2.804],[20.865,-2.749],[20.864,-2.702],[20.95,-2.558],[20.962,-2.49],[21.016,-2.494]]]}},{"type":"Feature","properties":{"p":"CD6307"},"geometry":{"type":"Polygon","coordinates":[[[26.657,-2.448],[26.587,-2.56],[26.498,-2.583],[26.457,-2.619],[26.405,-2.624],[26.23,-2.729],[26.219,-2.835],[26.199,-2.849],[26.17,-2.83],[26.059,-2.958],[26.125,-3.16],[25.935,-3.193],[25.884,-3.323],[25.88,-3.353],[25.934,-3.398],[25.971,-3.38],[26.018,-3.386],[26.058,-3.632],[26.082,-3.645],[26.159,-3.624],[26.165,-3.8],[26.234,-3.784],[26.326,-3.797],[26.371,-3.867],[26.356,-3.885],[26.382,-3.933],[26.452,-3.934],[26.475,-3.908],[26.504,-3.911],[26.494,-3.864],[26.566,-3.753],[26.617,-3.617],[26.732,-3.632],[26.871,-3.727],[26.949,-3.728],[26.992,-3.705],[27.081,-3.718],[27.099,-3.7],[27.099,-3.623],[27.135,-3.559],[27.135,-3.539],[27.117,-3.54],[27.132,-3.427],[27.115,-3.431],[27.115,-3.387],[27.092,-3.382],[27.099,-3.318],[27.142,-3.265],[27.111,-3.246],[27.132,-3.154],[27.112,-3.136],[27.12,-3.077],[27.058,-3.041],[27.058,-2.988],[27.025,-2.949],[27.001,-2.959],[26.957,-2.837],[26.916,-2.807],[26.943,-2.712],[26.906,-2.696],[26.905,-2.665],[26.857,-2.607],[26.871,-2.543],[26.82,-2.447],[26.811,-2.34],[26.769,-2.352],[26.748,-2.331],[26.709,-2.366],[26.669,-2.374],[26.657,-2.448]]]}},{"type":"Feature","properties":{"p":"CD5208"},"geometry":{"type":"Polygon","coordinates":[[[26.142,3.654],[26.153,3.563],[26.274,3.495],[26.324,3.431],[26.393,3.414],[26.364,3.374],[26.386,3.367],[26.404,3.312],[26.376,3.243],[26.461,3.185],[26.452,3.111],[26.5,3.0],[26.539,3.0],[26.555,2.981],[26.545,2.964],[26.493,2.964],[26.5,2.919],[26.427,2.857],[26.308,2.896],[26.254,2.89],[26.198,2.858],[26.208,2.734],[26.128,2.723],[26.151,2.649],[26.125,2.47],[26.212,2.417],[26.275,2.396],[26.308,2.407],[26.327,2.318],[26.313,2.27],[26.33,2.226],[26.316,2.21],[26.324,2.121],[26.356,2.069],[26.425,2.065],[26.475,2.116],[26.496,2.051],[26.584,2.053],[26.603,2.116],[26.642,2.103],[26.764,2.194],[26.809,2.127],[26.882,2.17],[26.929,2.092],[26.942,1.998],[26.984,1.955],[27.044,1.941],[27.056,2.122],[27.114,2.165],[27.191,2.352],[27.137,2.407],[27.164,2.414],[27.167,2.441],[27.135,2.575],[27.033,2.566],[27.014,2.535],[26.893,2.535],[26.933,2.641],[26.962,2.651],[26.958,2.679],[26.979,2.704],[27.004,2.703],[27.0,2.722],[27.045,2.722],[27.098,2.773],[27.14,2.91],[27.247,2.844],[27.327,2.754],[27.373,2.736],[27.504,2.789],[27.5,2.815],[27.537,2.851],[27.605,2.819],[27.603,2.86],[27.644,2.868],[27.661,2.913],[27.552,2.958],[27.546,2.99],[27.674,3.013],[27.705,3.072],[27.648,3.078],[27.658,3.303],[27.592,3.318],[27.581,3.294],[27.506,3.299],[27.476,3.278],[27.462,3.307],[27.457,3.287],[27.422,3.283],[27.421,3.253],[27.404,3.274],[27.384,3.264],[27.391,3.246],[27.3,3.227],[27.283,3.279],[27.246,3.277],[27.243,3.297],[27.273,3.332],[27.298,3.451],[27.374,3.548],[27.367,3.623],[27.322,3.655],[27.342,3.732],[27.295,3.835],[27.254,3.857],[27.239,3.831],[27.202,3.822],[27.149,3.858],[27.116,3.797],[27.097,3.823],[27.019,3.778],[26.951,3.786],[26.933,3.747],[26.86,3.754],[26.812,3.801],[26.806,3.835],[26.774,3.842],[26.73,3.957],[26.736,3.99],[26.696,4.016],[26.603,4.011],[26.443,3.856],[26.404,3.773],[26.345,3.772],[26.228,3.691],[26.219,3.664],[26.163,3.676],[26.142,3.654]]]}},{"type":"Feature","properties":{"p":"CD3108"},"geometry":{"type":"Polygon","coordinates":[[[17.14,-5.893],[17.136,-5.805],[17.108,-5.778],[17.05,-5.831],[17.044,-5.899],[16.991,-5.903],[17.005,-5.753],[16.99,-5.634],[16.97,-5.657],[16.963,-5.811],[16.936,-5.822],[16.93,-5.744],[16.875,-5.703],[16.869,-5.668],[16.801,-5.702],[16.743,-5.667],[16.671,-5.575],[16.631,-5.55],[16.557,-5.548],[16.562,-5.439],[16.509,-5.285],[16.497,-5.19],[16.526,-5.005],[16.553,-4.96],[16.533,-4.893],[16.445,-4.897],[16.39,-5.034],[16.299,-5.139],[16.295,-5.059],[16.258,-5.021],[16.247,-5.03],[16.231,-5.114],[16.256,-5.175],[16.203,-5.441],[16.211,-5.774],[16.199,-5.808],[16.15,-5.819],[16.139,-5.859],[16.366,-5.865],[16.404,-5.888],[16.415,-5.892],[16.443,-5.896],[16.448,-5.896],[16.424,-5.891],[16.436,-5.868],[16.489,-5.845],[16.587,-5.875],[16.599,-6.059],[16.633,-6.068],[16.607,-6.086],[16.648,-6.1],[16.646,-6.127],[16.689,-6.139],[16.765,-6.084],[16.919,-6.126],[16.999,-6.073],[17.081,-6.105],[17.124,-6.101],[17.19,-6.042],[17.173,-6.031],[17.18,-6.014],[17.155,-6.013],[17.158,-5.97],[17.121,-5.961],[17.111,-5.927],[17.14,-5.893]]]}},{"type":"Feature","properties":{"p":"CD6303"},"geometry":{"type":"Polygon","coordinates":[[[26.868,-2.159],[26.913,-2.158],[26.937,-2.182],[26.935,-2.155],[26.963,-2.129],[26.984,-2.152],[26.977,-2.124],[27.057,-2.178],[27.066,-2.211],[27.116,-2.21],[27.124,-2.237],[27.14,-2.213],[27.15,-2.235],[27.171,-2.216],[27.176,-2.242],[27.183,-2.223],[27.197,-2.219],[27.188,-2.233],[27.227,-2.239],[27.237,-2.271],[27.256,-2.231],[27.288,-2.242],[27.353,-2.165],[27.385,-2.167],[27.453,-2.131],[27.472,-2.034],[27.394,-2.017],[27.381,-1.991],[27.74,-2.001],[27.747,-1.789],[27.685,-1.772],[27.653,-1.691],[27.528,-1.622],[27.449,-1.459],[27.391,-1.45],[27.347,-1.361],[27.365,-1.307],[27.326,-1.298],[27.235,-1.205],[27.16,-1.191],[27.093,-1.143],[27.077,-1.171],[27.045,-1.159],[26.989,-1.174],[26.96,-1.218],[26.88,-1.228],[26.837,-1.329],[26.797,-1.312],[26.778,-1.34],[26.678,-1.351],[26.579,-1.417],[26.459,-1.4],[26.454,-1.363],[26.39,-1.353],[26.335,-1.278],[26.286,-1.282],[26.224,-1.24],[26.198,-1.273],[26.186,-1.218],[26.147,-1.246],[26.12,-1.238],[26.12,-1.287],[26.069,-1.288],[26.07,-1.385],[26.017,-1.408],[26.039,-1.444],[25.999,-1.501],[25.931,-1.494],[25.861,-1.412],[25.869,-1.639],[25.852,-1.766],[25.885,-1.778],[25.904,-1.809],[25.907,-1.934],[25.809,-2.007],[25.819,-2.025],[25.927,-1.973],[26.128,-2.049],[26.203,-2.013],[26.356,-2.014],[26.441,-2.093],[26.444,-2.146],[26.495,-2.157],[26.545,-2.119],[26.552,-2.075],[26.614,-2.106],[26.628,-2.075],[26.592,-2.05],[26.603,-2.042],[26.668,-2.009],[26.754,-2.005],[26.805,-2.027],[26.826,-2.065],[26.822,-2.103],[26.872,-2.137],[26.868,-2.159]]]}},{"type":"Feature","properties":{"p":"CD7109"},"geometry":{"type":"Polygon","coordinates":[[[28.575,-9.433],[28.481,-9.242],[28.786,-8.944],[28.933,-8.725],[28.935,-8.56],[28.897,-8.491],[29.625,-8.405],[29.623,-8.38],[29.563,-8.345],[29.52,-8.187],[29.532,-8.153],[29.543,-8.181],[29.579,-8.174],[29.575,-8.119],[29.639,-8.092],[29.667,-8.01],[29.662,-7.933],[29.626,-7.935],[29.567,-7.82],[29.518,-7.871],[29.494,-7.871],[29.484,-7.813],[29.454,-7.814],[29.464,-7.793],[29.443,-7.78],[29.439,-7.73],[29.359,-7.757],[29.263,-7.729],[29.207,-7.782],[29.148,-7.74],[29.111,-7.751],[29.095,-7.768],[29.113,-7.78],[29.096,-7.807],[29.117,-7.832],[29.113,-7.865],[29.04,-7.892],[29.02,-7.89],[29.028,-7.873],[28.962,-7.87],[28.903,-7.823],[28.854,-7.958],[28.791,-7.978],[28.747,-7.916],[28.656,-7.893],[28.687,-7.846],[28.649,-7.821],[28.623,-7.748],[28.633,-7.685],[28.548,-7.623],[28.486,-7.637],[28.461,-7.679],[28.413,-7.687],[28.356,-7.776],[28.53,-7.891],[28.48,-8.009],[28.429,-8.048],[28.432,-8.167],[28.303,-8.28],[28.264,-8.281],[28.262,-8.254],[28.232,-8.249],[28.098,-8.359],[28.066,-8.344],[28.089,-8.404],[28.043,-8.407],[27.984,-8.361],[27.97,-8.392],[27.832,-8.452],[27.788,-8.52],[27.735,-8.532],[27.647,-8.609],[27.683,-8.718],[27.615,-8.794],[27.613,-8.837],[27.655,-8.866],[27.759,-8.869],[27.79,-8.905],[27.795,-8.941],[27.783,-9.003],[27.671,-9.077],[27.638,-9.156],[27.7,-9.235],[27.802,-9.311],[27.785,-9.387],[27.749,-9.423],[27.756,-9.468],[27.727,-9.51],[27.705,-9.65],[27.759,-9.758],[27.781,-9.754],[27.792,-9.692],[27.85,-9.632],[27.924,-9.736],[27.961,-9.702],[28.001,-9.698],[28.073,-9.773],[28.09,-9.693],[28.15,-9.693],[28.122,-9.636],[28.268,-9.636],[28.264,-9.662],[28.284,-9.668],[28.372,-9.625],[28.411,-9.631],[28.437,-9.525],[28.538,-9.529],[28.539,-9.548],[28.508,-9.556],[28.531,-9.572],[28.524,-9.591],[28.547,-9.586],[28.558,-9.52],[28.528,-9.514],[28.564,-9.519],[28.569,-9.497],[28.535,-9.504],[28.526,-9.458],[28.478,-9.464],[28.498,-9.457],[28.499,-9.364],[28.533,-9.407],[28.516,-9.445],[28.545,-9.449],[28.54,-9.433],[28.575,-9.433]]]}},{"type":"Feature","properties":{"p":"CD5302"},"geometry":{"type":"Polygon","coordinates":[[[27.294,2.024],[27.323,2.079],[27.372,2.099],[27.413,2.221],[27.381,2.297],[27.406,2.327],[27.499,2.346],[27.509,2.442],[27.599,2.534],[27.622,2.592],[27.662,2.561],[27.682,2.574],[27.694,2.603],[27.742,2.632],[27.759,2.686],[27.806,2.66],[27.878,2.367],[27.897,2.347],[27.933,2.386],[27.927,2.421],[27.967,2.444],[27.998,2.428],[28.026,2.472],[28.074,2.499],[28.107,2.49],[28.1,2.548],[28.151,2.563],[28.182,2.626],[28.144,2.7],[28.271,2.748],[28.295,2.694],[28.33,2.716],[28.346,2.707],[28.366,2.644],[28.425,2.679],[28.44,2.755],[28.502,2.755],[28.503,2.825],[28.471,2.827],[28.445,2.877],[28.36,2.894],[28.338,2.948],[28.303,2.955],[28.296,2.936],[28.255,2.95],[28.227,3.015],[28.198,2.983],[28.13,2.988],[28.064,3.049],[28.002,3.074],[28.009,3.098],[27.974,3.119],[27.987,3.133],[27.948,3.137],[27.923,3.187],[27.841,3.202],[27.831,3.277],[27.8,3.281],[27.799,3.298],[27.654,3.319],[27.665,3.277],[27.648,3.078],[27.705,3.072],[27.674,3.013],[27.546,2.99],[27.552,2.958],[27.661,2.913],[27.644,2.868],[27.603,2.86],[27.605,2.819],[27.537,2.851],[27.5,2.815],[27.504,2.789],[27.373,2.736],[27.327,2.754],[27.247,2.844],[27.14,2.91],[27.098,2.773],[27.045,2.722],[27.011,2.726],[26.995,2.696],[26.976,2.701],[26.893,2.535],[27.014,2.535],[27.033,2.566],[27.135,2.575],[27.144,2.563],[27.167,2.441],[27.164,2.414],[27.137,2.407],[27.188,2.36],[27.188,2.328],[27.114,2.165],[27.056,2.122],[27.035,1.968],[27.048,1.924],[27.143,1.896],[27.21,1.911],[27.225,1.958],[27.246,1.962],[27.229,2.024],[27.254,2.048],[27.294,2.024]],[[27.597,2.763],[27.606,2.795],[27.646,2.806],[27.678,2.776],[27.67,2.746],[27.634,2.728],[27.597,2.763]]]}},{"type":"Feature","properties":{"p":"CD6111"},"geometry":{"type":"Polygon","coordinates":[[[29.128,-0.712],[29.062,-0.858],[28.965,-0.87],[29.03,-0.904],[29.054,-0.939],[29.038,-1.006],[29.006,-1.033],[28.944,-1.034],[29.034,-1.099],[29.027,-1.191],[29.053,-1.227],[29.036,-1.273],[29.089,-1.334],[29.211,-1.394],[29.218,-1.438],[29.254,-1.469],[29.486,-1.477],[29.53,-1.421],[29.601,-1.391],[29.611,-1.241],[29.588,-1.208],[29.601,-0.981],[29.588,-0.91],[29.635,-0.892],[29.626,-0.706],[29.659,-0.628],[29.65,-0.598],[29.679,-0.567],[29.665,-0.551],[29.684,-0.447],[29.643,-0.467],[29.559,-0.619],[29.516,-0.617],[29.487,-0.647],[29.445,-0.6],[29.436,-0.637],[29.371,-0.705],[29.374,-0.655],[29.335,-0.644],[29.291,-0.694],[29.238,-0.702],[29.19,-0.664],[29.161,-0.705],[29.128,-0.712]]]}},{"type":"Feature","properties":{"p":"CD7104"},"geometry":{"type":"Polygon","coordinates":[[[27.673,-12.283],[27.758,-12.289],[27.817,-12.26],[27.818,-12.23],[27.918,-12.24],[27.955,-12.354],[27.989,-12.339],[28.076,-12.353],[28.129,-12.436],[28.174,-12.383],[28.235,-12.423],[28.315,-12.419],[28.442,-12.516],[28.445,-12.563],[28.523,-12.632],[28.514,-12.674],[28.456,-12.699],[28.465,-12.734],[28.529,-12.801],[28.573,-12.893],[28.626,-12.82],[28.653,-12.819],[28.726,-12.877],[28.756,-12.939],[28.79,-12.946],[28.848,-13.072],[28.831,-13.084],[28.847,-13.145],[28.904,-13.162],[28.969,-13.367],[28.999,-13.372],[29.004,-13.416],[29.122,-13.37],[29.183,-13.443],[29.299,-13.375],[29.316,-13.332],[29.349,-13.348],[29.365,-13.327],[29.442,-13.314],[29.503,-13.246],[29.581,-13.213],[29.678,-13.236],[29.652,-13.35],[29.605,-13.363],[29.611,-13.409],[29.712,-13.456],[29.765,-13.437],[29.809,-13.455],[29.807,-12.156],[29.667,-12.207],[29.575,-12.193],[29.485,-12.243],[29.456,-12.333],[29.496,-12.394],[29.537,-12.407],[29.499,-12.47],[29.366,-12.413],[29.302,-12.413],[29.267,-12.364],[29.129,-12.395],[29.107,-12.379],[29.059,-12.389],[28.947,-12.212],[28.778,-12.055],[28.759,-11.99],[28.714,-11.99],[28.64,-11.952],[28.615,-11.913],[28.51,-11.884],[28.474,-11.893],[28.493,-11.922],[28.485,-11.961],[28.436,-11.965],[28.317,-11.743],[28.202,-11.749],[28.184,-11.771],[28.043,-11.75],[28.015,-11.764],[28.013,-11.791],[27.999,-11.801],[27.99,-11.785],[27.966,-11.806],[27.937,-11.808],[27.882,-11.774],[27.861,-11.794],[27.873,-11.812],[27.831,-11.853],[27.783,-11.865],[27.768,-11.907],[27.81,-11.953],[27.76,-12.003],[27.748,-12.032],[27.76,-12.052],[27.723,-12.061],[27.711,-12.111],[27.687,-12.13],[27.724,-12.209],[27.672,-12.263],[27.673,-12.283]]]}},{"type":"Feature","properties":{"p":"CD7206"},"geometry":{"type":"Polygon","coordinates":[[[24.013,-9.836],[24.11,-9.719],[24.132,-9.643],[24.121,-9.576],[24.163,-9.459],[24.136,-9.359],[24.151,-9.336],[24.186,-9.304],[24.215,-9.321],[24.251,-9.285],[24.3,-9.27],[24.378,-9.28],[24.411,-9.303],[24.537,-9.301],[24.575,-9.277],[24.497,-9.243],[24.474,-9.203],[24.337,-9.125],[24.267,-9.045],[24.246,-8.976],[24.212,-8.955],[24.098,-8.938],[24.106,-8.903],[23.996,-8.82],[23.973,-8.778],[23.935,-8.77],[23.911,-8.79],[23.748,-8.767],[23.729,-8.781],[23.654,-8.891],[23.654,-8.986],[23.702,-9.111],[23.6,-9.105],[23.575,-9.072],[23.536,-9.101],[23.51,-9.04],[23.454,-9.058],[23.405,-9.11],[23.425,-9.16],[23.416,-9.309],[23.321,-9.341],[23.3,-9.256],[23.245,-9.168],[23.269,-9.08],[23.265,-9.002],[23.136,-8.984],[23.097,-9.017],[23.025,-8.99],[23.016,-9.042],[22.98,-9.008],[22.953,-9.021],[22.848,-9.01],[22.811,-8.975],[22.681,-8.982],[22.648,-8.967],[22.583,-8.995],[22.566,-9.033],[22.489,-9.035],[22.389,-8.952],[22.353,-8.952],[22.3,-8.842],[22.274,-8.859],[22.271,-8.904],[22.21,-8.878],[22.148,-8.8],[22.089,-8.782],[22.049,-8.669],[22.026,-8.684],[21.917,-8.668],[21.906,-8.688],[21.903,-8.788],[21.867,-8.863],[21.86,-9.045],[21.841,-9.076],[21.859,-9.237],[21.794,-9.421],[21.834,-9.466],[21.88,-9.651],[21.939,-9.69],[21.982,-9.764],[22.006,-9.762],[22.024,-9.834],[22.076,-9.877],[22.117,-9.874],[22.187,-9.92],[22.219,-10.082],[22.279,-10.103],[22.335,-10.054],[22.514,-10.029],[22.553,-9.989],[22.556,-9.89],[22.616,-9.869],[22.677,-9.948],[22.724,-9.971],[22.738,-10.016],[23.007,-10.056],[23.038,-9.973],[23.094,-10.023],[23.126,-10.081],[23.177,-10.098],[23.263,-10.096],[23.367,-10.065],[23.5,-10.092],[23.593,-9.911],[23.617,-9.948],[23.616,-10.0],[23.652,-10.006],[23.693,-9.973],[23.736,-10.009],[23.755,-10.062],[23.782,-10.071],[23.808,-9.99],[23.854,-10.019],[23.938,-10.015],[23.911,-9.872],[23.983,-9.992],[23.997,-9.965],[23.975,-9.941],[23.986,-9.906],[23.941,-9.859],[23.957,-9.827],[24.013,-9.836]]]}},{"type":"Feature","properties":{"p":"CD2009"},"geometry":{"type":"Polygon","coordinates":[[[13.205,-5.612],[13.284,-5.609],[13.282,-5.664],[13.31,-5.629],[13.362,-5.64],[13.398,-5.774],[13.372,-5.849],[13.375,-5.867],[13.399,-5.869],[13.433,-5.857],[13.436,-5.794],[13.465,-5.788],[13.482,-5.81],[13.519,-5.798],[13.552,-5.722],[13.583,-5.719],[13.596,-5.697],[13.598,-5.586],[13.569,-5.548],[13.612,-5.529],[13.665,-5.537],[13.547,-5.39],[13.596,-5.324],[13.627,-5.334],[13.645,-5.287],[13.541,-5.19],[13.497,-5.079],[13.507,-5.058],[13.451,-5.027],[13.436,-4.98],[13.344,-4.914],[13.268,-4.926],[13.202,-4.965],[13.141,-4.955],[13.092,-4.989],[13.147,-5.089],[13.15,-5.184],[13.173,-5.171],[13.188,-5.186],[13.169,-5.223],[13.198,-5.295],[13.176,-5.324],[13.211,-5.345],[13.199,-5.417],[13.232,-5.483],[13.204,-5.531],[13.219,-5.573],[13.205,-5.612]]]}},{"type":"Feature","properties":{"p":"CD6203"},"geometry":{"type":"Polygon","coordinates":[[[28.203,-3.828],[28.165,-3.796],[28.148,-3.742],[28.084,-3.717],[28.082,-3.677],[28.025,-3.621],[28.05,-3.586],[28.009,-3.554],[28.029,-3.504],[27.987,-3.432],[27.96,-3.451],[27.904,-3.447],[27.898,-3.472],[27.885,-3.463],[27.838,-3.5],[27.755,-3.51],[27.755,-3.526],[27.697,-3.493],[27.735,-3.406],[27.731,-3.31],[27.776,-3.293],[27.817,-3.192],[27.815,-3.137],[27.882,-3.043],[27.877,-2.966],[27.947,-2.962],[27.967,-2.995],[28.029,-2.947],[28.046,-2.884],[28.171,-2.903],[28.224,-2.836],[28.299,-2.842],[28.342,-2.75],[28.338,-2.712],[28.376,-2.687],[28.341,-2.633],[28.291,-2.607],[28.206,-2.645],[28.263,-2.58],[28.21,-2.512],[28.273,-2.517],[28.268,-2.425],[28.292,-2.389],[28.339,-2.377],[28.309,-2.282],[28.263,-2.275],[28.292,-2.209],[28.239,-2.201],[28.19,-2.145],[28.167,-2.046],[28.1,-2.066],[28.087,-1.999],[28.012,-2.012],[27.998,-2.032],[27.985,-2.007],[27.885,-2.001],[27.838,-2.034],[27.785,-2.029],[27.74,-2.001],[27.381,-1.991],[27.394,-2.017],[27.472,-2.034],[27.453,-2.131],[27.385,-2.167],[27.353,-2.165],[27.288,-2.242],[27.256,-2.231],[27.237,-2.271],[27.227,-2.239],[27.188,-2.233],[27.197,-2.219],[27.176,-2.242],[27.171,-2.216],[27.15,-2.235],[27.14,-2.213],[27.124,-2.237],[27.116,-2.21],[27.066,-2.211],[27.057,-2.178],[26.977,-2.124],[26.984,-2.152],[26.963,-2.129],[26.935,-2.155],[26.937,-2.182],[26.913,-2.158],[26.868,-2.159],[26.861,-2.323],[26.811,-2.34],[26.82,-2.447],[26.871,-2.543],[26.857,-2.607],[26.905,-2.665],[26.906,-2.696],[26.943,-2.712],[26.916,-2.807],[26.957,-2.837],[27.001,-2.959],[27.025,-2.949],[27.058,-2.988],[27.058,-3.041],[27.12,-3.077],[27.112,-3.136],[27.132,-3.154],[27.111,-3.246],[27.142,-3.265],[27.099,-3.318],[27.092,-3.382],[27.115,-3.387],[27.115,-3.431],[27.132,-3.427],[27.117,-3.54],[27.135,-3.539],[27.135,-3.559],[27.099,-3.623],[27.086,-3.728],[27.189,-3.889],[27.387,-3.935],[27.452,-3.997],[27.477,-3.977],[27.581,-3.995],[27.618,-4.02],[27.799,-4.004],[27.838,-4.022],[27.981,-3.965],[27.981,-3.916],[28.077,-3.829],[28.203,-3.828]]]}},{"type":"Feature","properties":{"p":"CD2011"},"geometry":{"type":"Polygon","coordinates":[[[14.483,-5.501],[14.488,-5.454],[14.511,-5.439],[14.495,-5.405],[14.529,-5.383],[14.407,-5.413],[14.375,-5.317],[14.399,-5.268],[14.362,-5.224],[14.372,-5.168],[14.349,-5.157],[14.368,-5.146],[14.371,-5.135],[14.328,-5.102],[14.338,-5.069],[14.318,-5.033],[14.234,-5.001],[14.212,-4.974],[14.199,-4.989],[14.205,-4.965],[14.182,-4.954],[14.064,-5.045],[14.015,-5.032],[13.988,-5.054],[14.0,-5.141],[13.971,-5.22],[13.884,-5.248],[13.888,-5.288],[13.872,-5.285],[13.859,-5.336],[13.821,-5.326],[13.767,-5.274],[13.729,-5.34],[13.647,-5.286],[13.627,-5.334],[13.596,-5.324],[13.558,-5.359],[13.553,-5.401],[13.665,-5.537],[13.612,-5.529],[13.569,-5.548],[13.598,-5.586],[13.596,-5.697],[13.583,-5.719],[13.552,-5.722],[13.519,-5.798],[13.478,-5.808],[13.474,-5.829],[13.551,-5.895],[13.619,-5.907],[13.73,-5.905],[13.747,-5.886],[14.008,-5.834],[14.046,-5.853],[14.141,-5.836],[14.168,-5.852],[14.192,-5.841],[14.202,-5.869],[14.231,-5.866],[14.239,-5.885],[14.284,-5.861],[14.311,-5.885],[14.481,-5.895],[14.61,-5.925],[14.609,-5.894],[14.66,-5.848],[14.626,-5.803],[14.647,-5.78],[14.626,-5.748],[14.626,-5.702],[14.563,-5.741],[14.52,-5.722],[14.51,-5.696],[14.523,-5.676],[14.497,-5.65],[14.499,-5.62],[14.42,-5.613],[14.433,-5.509],[14.483,-5.501]]]}},{"type":"Feature","properties":{"p":"CD2007"},"geometry":{"type":"Polygon","coordinates":[[[13.153,-5.328],[13.198,-5.295],[13.169,-5.223],[13.188,-5.186],[13.173,-5.171],[13.15,-5.184],[13.147,-5.089],[13.092,-4.989],[13.127,-4.96],[13.218,-4.961],[13.287,-4.922],[13.376,-4.926],[13.416,-4.893],[13.373,-4.799],[13.285,-4.771],[13.247,-4.696],[13.183,-4.639],[13.106,-4.647],[13.093,-4.688],[13.052,-4.678],[12.923,-4.732],[12.863,-4.739],[12.815,-4.786],[12.8,-4.846],[12.724,-4.904],[12.716,-4.946],[12.634,-4.955],[12.629,-5.022],[12.475,-5.076],[12.494,-5.121],[12.548,-5.143],[12.614,-5.131],[12.622,-5.155],[12.718,-5.138],[12.796,-5.098],[12.827,-5.185],[12.886,-5.153],[12.907,-5.185],[12.95,-5.183],[13.018,-5.237],[13.07,-5.211],[13.126,-5.234],[13.126,-5.26],[13.143,-5.251],[13.13,-5.299],[13.153,-5.328]]]}},{"type":"Feature","properties":{"p":"CD9201"},"geometry":{"type":"Polygon","coordinates":[[[20.813,-6.456],[20.865,-6.436],[20.861,-6.386],[20.839,-6.372],[20.798,-6.379],[20.767,-6.414],[20.781,-6.447],[20.813,-6.456]]]}},{"type":"Feature","properties":{"p":"CD8202"},"geometry":{"type":"Polygon","coordinates":[[[23.441,-6.647],[23.507,-6.717],[23.599,-6.77],[23.691,-6.727],[23.709,-6.749],[23.737,-6.728],[23.755,-6.675],[23.786,-6.667],[23.74,-6.631],[23.748,-6.581],[23.767,-6.581],[23.786,-6.522],[23.766,-6.508],[23.805,-6.44],[23.794,-6.397],[23.813,-6.404],[23.808,-6.39],[23.843,-6.37],[23.843,-6.341],[23.802,-6.298],[23.84,-6.244],[23.712,-6.2],[23.687,-6.158],[23.631,-6.172],[23.599,-6.232],[23.584,-6.23],[23.577,-6.321],[23.545,-6.401],[23.533,-6.419],[23.513,-6.403],[23.522,-6.441],[23.498,-6.449],[23.484,-6.417],[23.461,-6.42],[23.447,-6.549],[23.417,-6.581],[23.441,-6.647]],[[23.638,-6.487],[23.67,-6.472],[23.665,-6.497],[23.638,-6.487]]]}},{"type":"Feature","properties":{"p":"CD9103"},"geometry":{"type":"Polygon","coordinates":[[[22.844,-6.502],[22.88,-6.498],[22.885,-6.462],[22.839,-6.46],[22.844,-6.502]]]}},{"type":"Feature","properties":{"p":"CD8311"},"geometry":{"type":"Polygon","coordinates":[[[22.685,-4.067],[22.716,-4.057],[22.713,-4.029],[22.685,-4.026],[22.672,-4.054],[22.685,-4.067]]]}},{"type":"Feature","properties":{"p":"CD5102"},"geometry":{"type":"Polygon","coordinates":[[[25.533,0.707],[25.415,0.535],[25.372,0.517],[25.362,0.465],[25.322,0.456],[25.357,0.373],[25.429,0.329],[25.381,0.292],[25.312,0.287],[25.301,0.339],[25.18,0.4],[25.151,0.294],[25.105,0.296],[25.099,0.265],[25.073,0.253],[25.064,0.147],[25.02,0.124],[24.771,-0.328],[24.745,-0.307],[24.484,-0.267],[24.37,-0.29],[24.412,-0.352],[24.423,-0.414],[24.503,-0.511],[24.562,-0.691],[24.649,-0.814],[24.814,-0.927],[25.086,-1.209],[25.115,-1.322],[25.149,-1.354],[25.075,-1.418],[25.007,-1.435],[25.017,-1.507],[25.048,-1.532],[25.013,-1.602],[25.052,-1.702],[25.013,-1.82],[25.009,-1.863],[25.034,-1.907],[25.013,-1.95],[25.056,-1.981],[25.197,-1.983],[25.209,-2.028],[25.179,-2.051],[25.176,-2.078],[25.232,-2.076],[25.24,-2.112],[25.423,-2.055],[25.496,-1.964],[25.657,-1.892],[25.713,-1.825],[25.76,-1.818],[25.79,-1.842],[25.843,-1.833],[25.869,-1.639],[25.861,-1.412],[25.931,-1.494],[25.999,-1.501],[26.039,-1.444],[26.017,-1.408],[26.07,-1.385],[26.082,-1.281],[26.059,-1.26],[26.08,-1.155],[26.141,-1.133],[26.083,-1.091],[26.074,-0.963],[26.146,-0.949],[26.244,-0.894],[26.26,-0.855],[26.23,-0.668],[26.257,-0.625],[26.274,-0.504],[26.109,-0.373],[26.171,-0.284],[26.065,-0.161],[26.034,-0.049],[26.057,-0.014],[26.065,-0.034],[26.091,-0.032],[26.078,-0.05],[26.101,-0.076],[26.194,-0.106],[26.193,-0.132],[26.226,-0.137],[26.273,-0.2],[26.301,-0.192],[26.326,-0.259],[26.431,-0.319],[26.471,-0.384],[26.56,-0.378],[26.618,-0.348],[26.63,-0.312],[26.603,-0.235],[26.632,-0.205],[26.691,-0.187],[26.701,-0.144],[26.73,-0.118],[26.754,-0.016],[26.758,0.169],[26.718,0.175],[26.712,0.139],[26.623,0.105],[26.617,0.06],[26.574,0.038],[26.559,0.095],[26.527,0.104],[26.506,0.162],[26.456,0.168],[26.433,0.225],[26.398,0.197],[26.322,0.27],[26.247,0.284],[26.265,0.38],[26.204,0.364],[26.138,0.381],[26.081,0.443],[26.096,0.464],[26.128,0.464],[26.134,0.535],[26.12,0.546],[26.145,0.62],[26.147,0.717],[26.105,0.723],[26.087,0.7],[26.079,0.728],[26.068,0.72],[26.045,0.725],[26.09,0.745],[26.039,0.766],[26.031,0.795],[26.055,0.802],[25.999,0.915],[25.981,0.921],[25.921,0.878],[25.869,0.871],[25.845,0.837],[25.821,0.841],[25.794,0.788],[25.693,0.792],[25.693,0.744],[25.651,0.754],[25.61,0.722],[25.572,0.724],[25.571,0.686],[25.542,0.663],[25.533,0.707]]]}},{"type":"Feature","properties":{"p":"CD6208"},"geometry":{"type":"Polygon","coordinates":[[[29.235,-3.558],[29.197,-3.357],[29.241,-3.278],[29.222,-3.199],[29.261,-3.115],[29.247,-3.097],[29.254,-3.053],[29.237,-3.025],[29.168,-2.997],[29.157,-2.949],[29.096,-2.919],[29.091,-2.871],[29.069,-2.864],[29.051,-2.82],[29.002,-2.811],[28.994,-2.758],[28.916,-2.738],[28.867,-2.77],[28.881,-2.846],[28.829,-2.997],[28.804,-2.988],[28.819,-3.051],[28.784,-3.123],[28.79,-3.198],[28.892,-3.319],[28.871,-3.363],[28.888,-3.4],[28.842,-3.45],[28.829,-3.599],[28.901,-3.65],[28.982,-3.658],[29.046,-3.548],[29.235,-3.558]]]}},{"type":"Feature","properties":{"p":"CD6104"},"geometry":{"type":"Polygon","coordinates":[[[27.841,-0.596],[27.824,-0.625],[27.831,-0.666],[27.804,-0.695],[27.806,-0.747],[27.78,-0.78],[27.766,-0.886],[27.706,-0.893],[27.68,-0.93],[27.638,-0.934],[27.517,-0.899],[27.311,-0.955],[27.274,-0.98],[27.267,-1.068],[27.29,-1.129],[27.338,-1.182],[27.277,-1.19],[27.251,-1.174],[27.227,-1.205],[27.326,-1.298],[27.365,-1.307],[27.347,-1.361],[27.391,-1.45],[27.449,-1.459],[27.528,-1.622],[27.653,-1.691],[27.685,-1.772],[27.747,-1.789],[27.74,-2.001],[27.785,-2.029],[27.838,-2.034],[27.885,-2.001],[27.985,-2.007],[27.998,-2.032],[28.012,-2.012],[28.087,-1.999],[28.1,-2.066],[28.167,-2.046],[28.151,-2.02],[28.172,-1.994],[28.327,-1.976],[28.374,-1.993],[28.377,-1.961],[28.354,-1.94],[28.451,-1.893],[28.45,-1.865],[28.567,-1.905],[28.678,-1.868],[28.7,-1.829],[28.669,-1.794],[28.668,-1.753],[28.605,-1.721],[28.607,-1.703],[28.528,-1.648],[28.522,-1.481],[28.544,-1.483],[28.637,-1.321],[28.646,-1.211],[28.718,-1.164],[28.682,-1.069],[28.704,-1.004],[28.752,-1.008],[28.801,-0.97],[28.884,-0.991],[28.944,-1.034],[29.006,-1.033],[29.052,-0.98],[29.037,-0.91],[28.965,-0.87],[29.062,-0.858],[29.069,-0.835],[29.044,-0.768],[29.004,-0.761],[28.986,-0.732],[28.957,-0.563],[28.777,-0.565],[28.724,-0.524],[28.67,-0.457],[28.674,-0.4],[28.633,-0.398],[28.607,-0.36],[28.638,-0.286],[28.527,-0.227],[28.534,-0.178],[28.515,-0.194],[28.501,-0.184],[28.459,-0.102],[28.287,-0.156],[28.192,-0.239],[28.145,-0.23],[28.154,-0.259],[28.139,-0.278],[28.009,-0.317],[27.942,-0.407],[27.978,-0.47],[27.97,-0.545],[27.904,-0.594],[27.841,-0.596]]]}},{"type":"Feature","properties":{"p":"CD6207"},"geometry":{"type":"Polygon","coordinates":[[[28.359,-2.652],[28.377,-2.682],[28.338,-2.712],[28.342,-2.75],[28.313,-2.828],[28.36,-2.834],[28.382,-2.792],[28.415,-2.783],[28.448,-2.819],[28.479,-2.801],[28.514,-2.842],[28.538,-2.82],[28.565,-2.867],[28.627,-2.83],[28.653,-2.842],[28.684,-2.777],[28.693,-2.8],[28.743,-2.798],[28.763,-2.818],[28.799,-2.882],[28.804,-2.988],[28.819,-2.999],[28.856,-2.943],[28.881,-2.846],[28.867,-2.77],[28.916,-2.738],[28.991,-2.755],[29.004,-2.781],[29.039,-2.76],[29.004,-2.705],[28.918,-2.681],[28.862,-2.632],[28.839,-2.585],[28.735,-2.543],[28.617,-2.551],[28.56,-2.631],[28.462,-2.699],[28.412,-2.696],[28.359,-2.652]]]}},{"type":"Feature","properties":{"p":"CD5311"},"geometry":{"type":"Polygon","coordinates":[[[27.447,1.555],[27.505,1.57],[27.552,1.555],[27.587,1.513],[27.584,1.462],[27.608,1.454],[27.65,1.478],[27.773,1.443],[27.751,1.474],[27.804,1.504],[27.807,1.545],[27.756,1.612],[27.642,1.572],[27.643,1.654],[27.553,1.773],[27.585,1.847],[27.682,1.808],[27.75,1.856],[27.783,1.829],[27.847,1.828],[27.878,1.779],[27.901,1.794],[27.938,1.721],[27.941,1.749],[27.982,1.756],[28.212,1.684],[28.191,1.796],[28.299,1.874],[28.314,2.336],[28.364,2.341],[28.348,2.417],[28.369,2.459],[28.334,2.463],[28.374,2.557],[28.312,2.587],[28.339,2.615],[28.334,2.641],[28.356,2.642],[28.338,2.713],[28.295,2.694],[28.264,2.749],[28.144,2.7],[28.182,2.626],[28.151,2.563],[28.1,2.548],[28.107,2.49],[28.074,2.499],[28.026,2.472],[27.998,2.428],[27.967,2.444],[27.927,2.421],[27.933,2.386],[27.897,2.347],[27.878,2.367],[27.806,2.66],[27.759,2.686],[27.742,2.632],[27.694,2.603],[27.682,2.574],[27.662,2.561],[27.622,2.592],[27.599,2.534],[27.509,2.442],[27.499,2.346],[27.406,2.327],[27.381,2.297],[27.413,2.221],[27.372,2.099],[27.323,2.079],[27.314,2.037],[27.357,1.996],[27.357,1.963],[27.41,1.885],[27.35,1.876],[27.372,1.79],[27.306,1.728],[27.285,1.633],[27.214,1.631],[27.195,1.603],[27.295,1.578],[27.351,1.592],[27.376,1.565],[27.419,1.574],[27.447,1.555]]]}},{"type":"Feature","properties":{"p":"CD5309"},"geometry":{"type":"Polygon","coordinates":[[[30.185,2.584],[30.149,2.588],[30.144,2.63],[30.064,2.627],[30.045,2.688],[29.99,2.728],[29.983,2.764],[29.941,2.784],[29.971,2.825],[29.961,2.867],[29.89,2.868],[29.793,2.84],[29.758,2.864],[29.717,3.005],[29.672,3.059],[29.683,3.076],[29.773,3.067],[29.813,3.025],[29.894,3.004],[29.954,2.952],[29.97,2.974],[29.95,3.022],[29.827,3.051],[29.744,3.14],[29.685,3.135],[29.661,3.159],[29.687,3.196],[29.684,3.224],[29.722,3.199],[29.746,3.231],[29.748,3.251],[29.704,3.286],[29.706,3.313],[29.684,3.325],[29.65,3.293],[29.667,3.267],[29.654,3.278],[29.633,3.263],[29.618,3.284],[29.592,3.281],[29.562,3.352],[29.525,3.341],[29.427,3.371],[29.397,3.358],[29.315,3.393],[29.258,3.454],[29.213,3.434],[29.158,3.484],[29.122,3.45],[29.125,3.377],[29.046,3.28],[28.975,3.234],[28.942,3.152],[28.881,3.112],[28.877,3.07],[28.846,3.042],[28.756,3.046],[28.748,2.968],[28.691,2.887],[28.71,2.878],[28.704,2.851],[28.676,2.838],[28.653,2.873],[28.6,2.859],[28.607,2.843],[28.566,2.801],[28.549,2.887],[28.522,2.88],[28.538,2.837],[28.503,2.825],[28.502,2.755],[28.44,2.755],[28.425,2.679],[28.334,2.641],[28.339,2.615],[28.315,2.578],[28.374,2.557],[28.334,2.463],[28.369,2.459],[28.348,2.417],[28.364,2.341],[28.322,2.335],[28.379,2.296],[28.4,2.252],[28.581,2.334],[28.636,2.241],[28.765,2.182],[28.777,2.227],[28.709,2.336],[28.753,2.304],[28.969,2.27],[29.001,2.344],[28.97,2.429],[28.99,2.407],[29.019,2.419],[29.032,2.395],[29.04,2.422],[29.072,2.437],[29.096,2.426],[29.094,2.452],[29.127,2.457],[29.175,2.401],[29.204,2.456],[29.209,2.538],[29.229,2.544],[29.272,2.444],[29.328,2.414],[29.41,2.424],[29.549,2.493],[29.622,2.494],[29.65,2.425],[29.643,2.315],[29.665,2.286],[29.645,2.271],[29.607,2.284],[29.613,2.189],[29.717,2.19],[29.809,2.092],[29.869,2.08],[29.895,2.056],[29.903,2.11],[29.851,2.148],[29.871,2.184],[29.914,2.187],[29.947,2.268],[29.967,2.245],[29.998,2.279],[30.027,2.283],[30.057,2.369],[30.126,2.37],[30.136,2.483],[30.187,2.556],[30.185,2.584]]]}},{"type":"Feature","properties":{"p":"CD5107"},"geometry":{"type":"Polygon","coordinates":[[[22.681,2.05],[22.623,2.097],[22.354,2.162],[22.368,2.064],[22.475,1.982],[22.491,1.913],[22.48,1.889],[22.435,1.872],[22.421,1.809],[22.358,1.784],[22.372,1.711],[22.285,1.672],[22.247,1.526],[22.29,1.495],[22.385,1.499],[22.445,1.473],[22.463,1.484],[22.469,1.466],[22.557,1.429],[22.64,1.344],[22.682,1.233],[22.735,1.173],[22.826,0.976],[22.822,0.882],[22.857,0.777],[22.846,0.699],[22.947,0.568],[22.927,0.502],[22.971,0.369],[22.93,0.344],[22.941,0.308],[23.094,0.053],[23.308,-0.124],[23.357,-0.188],[23.276,-0.295],[23.085,-0.277],[22.944,-0.404],[23.135,-0.412],[23.101,-0.559],[23.245,-0.458],[23.356,-0.423],[23.505,-0.387],[23.688,-0.39],[23.721,-0.266],[23.662,-0.259],[23.754,-0.201],[23.708,-0.19],[23.673,-0.143],[23.676,-0.118],[23.716,-0.092],[23.723,-0.023],[23.576,-0.044],[23.649,0.041],[23.804,0.388],[23.771,0.447],[23.797,0.603],[23.779,0.668],[23.68,0.67],[23.63,0.739],[23.635,0.817],[23.684,0.886],[23.694,0.99],[23.736,0.955],[23.756,1.014],[23.706,1.09],[23.674,1.043],[23.621,1.045],[23.582,1.083],[23.537,1.079],[23.536,1.133],[23.482,1.216],[23.404,1.306],[23.354,1.334],[23.287,1.344],[23.216,1.31],[23.224,1.346],[23.128,1.51],[23.184,1.604],[23.115,1.692],[23.056,1.809],[22.99,1.873],[22.827,1.911],[22.732,1.96],[22.681,2.05]]]}},{"type":"Feature","properties":{"p":"CD4304"},"geometry":{"type":"Polygon","coordinates":[[[23.246,3.771],[23.243,3.792],[23.285,3.778],[23.352,3.713],[23.407,3.688],[23.505,3.748],[23.533,3.806],[23.402,3.833],[23.37,3.798],[23.324,3.835],[23.269,3.837],[23.226,3.863],[23.155,3.848],[23.154,3.878],[23.077,3.855],[23.022,3.86],[22.99,3.838],[22.969,3.86],[22.901,3.835],[22.844,3.862],[22.829,3.852],[22.782,3.886],[22.81,3.965],[22.837,3.987],[22.787,4.034],[22.76,4.03],[22.747,4.074],[22.714,4.103],[22.694,4.084],[22.68,4.092],[22.674,4.122],[22.547,4.136],[22.499,4.114],[22.266,4.114],[22.164,4.154],[22.095,4.212],[21.993,4.24],[21.965,4.225],[21.939,4.11],[21.871,3.985],[21.822,3.971],[21.68,3.993],[21.521,3.974],[21.498,3.89],[21.429,3.802],[21.459,3.703],[21.337,3.56],[21.301,3.468],[21.258,3.462],[21.286,3.427],[21.547,3.327],[21.572,3.233],[21.712,3.31],[21.772,3.385],[21.821,3.312],[21.889,3.327],[21.971,3.269],[22.041,3.252],[22.101,3.129],[22.117,2.944],[22.355,3.032],[22.486,2.979],[22.621,3.296],[22.617,3.369],[22.674,3.438],[22.842,3.554],[23.024,3.591],[23.057,3.633],[23.091,3.639],[23.123,3.696],[23.246,3.771]]]}},{"type":"Feature","properties":{"p":"CD5106"},"geometry":{"type":"Polygon","coordinates":[[[24.453,0.768],[24.514,0.766],[24.51,0.799],[24.465,0.81],[24.453,0.768]]]}},{"type":"Feature","properties":{"p":"CD3310"},"geometry":{"type":"Polygon","coordinates":[[[16.434,-2.22],[16.479,-2.236],[16.534,-2.295],[16.634,-2.331],[16.679,-2.276],[16.674,-2.229],[16.692,-2.195],[16.644,-2.092],[16.649,-2.028],[16.584,-1.947],[16.56,-1.863],[16.504,-1.874],[16.37,-2.029],[16.242,-2.123],[16.4,-2.145],[16.434,-2.22]]]}},{"type":"Feature","properties":{"p":"CD4206"},"geometry":{"type":"Polygon","coordinates":[[[18.733,4.387],[18.676,4.353],[18.607,4.358],[18.546,4.308],[18.641,4.109],[18.652,3.978],[18.669,3.969],[18.733,4.101],[18.764,4.13],[18.81,4.132],[18.868,4.248],[18.866,4.265],[18.805,4.278],[18.786,4.304],[18.753,4.303],[18.733,4.387]]]}}]}